index,0
1111,1
1112,0
1113,0
1114,0
1115,0
1116,0
1117,0
1118,0
1119,1
11110,1
1121,0
1122,0
1123,1
1124,1
1125,0
1126,1
1127,1
1128,0
1129,1
11210,0
1131,1
1132,0
1133,0
1134,1
1135,0
1136,0
1137,1
1138,0
1139,1
11310,0
1141,0
1142,0
1143,1
1144,0
1145,0
1146,0
1147,1
1148,1
1149,1
11410,0
1151,0
1152,1
1153,0
1154,1
1155,1
1156,1
1157,0
1158,0
1159,1
11510,1
1161,1
1162,1
1163,1
1164,0
1165,0
1166,1
1167,1
1168,1
1169,0
11610,0
1171,0
1172,0
1173,0
1174,1
1175,0
1176,1
1177,0
1178,1
1179,1
11710,1
1181,0
1182,1
1183,1
1184,0
1185,1
1186,1
1187,1
1188,1
1189,0
11810,1
1191,0
1192,0
1193,1
1194,1
1195,0
1196,0
1197,1
1198,1
1199,1
11910,1
11101,0
11102,1
11103,1
11104,0
11105,0
11106,0
11107,0
11108,1
11109,0
111010,0
1211,1
1212,0
1213,0
1214,1
1215,0
1216,0
1217,1
1218,0
1219,1
12110,0
1221,0
1222,1
1223,0
1224,0
1225,1
1226,0
1227,0
1228,0
1229,1
12210,1
1231,1
1232,1
1233,1
1234,0
1235,0
1236,1
1237,0
1238,0
1239,1
12310,0
1241,1
1242,0
1243,0
1244,0
1245,0
1246,0
1247,1
1248,1
1249,1
12410,0
1251,1
1252,0
1253,1
1254,0
1255,1
1256,1
1257,1
1258,0
1259,1
12510,1
1261,0
1262,0
1263,0
1264,0
1265,1
1266,1
1267,1
1268,1
1269,0
12610,0
1271,1
1272,0
1273,0
1274,1
1275,1
1276,1
1277,1
1278,1
1279,1
12710,0
1281,0
1282,1
1283,1
1284,0
1285,1
1286,1
1287,1
1288,0
1289,0
12810,0
1291,1
1292,1
1293,0
1294,0
1295,0
1296,1
1297,1
1298,1
1299,0
12910,1
12101,0
12102,0
12103,1
12104,0
12105,0
12106,1
12107,1
12108,0
12109,0
121010,1
1311,0
1312,0
1313,0
1314,1
1315,1
1316,0
1317,0
1318,0
1319,0
13110,0
1321,0
1322,0
1323,1
1324,1
1325,1
1326,1
1327,0
1328,1
1329,1
13210,1
1331,1
1332,1
1333,1
1334,0
1335,0
1336,0
1337,1
1338,0
1339,0
13310,0
1341,0
1342,1
1343,1
1344,0
1345,0
1346,0
1347,1
1348,0
1349,1
13410,0
1351,1
1352,0
1353,0
1354,0
1355,1
1356,0
1357,0
1358,0
1359,1
13510,1
1361,1
1362,1
1363,0
1364,0
1365,1
1366,1
1367,0
1368,1
1369,0
13610,1
1371,0
1372,0
1373,0
1374,0
1375,1
1376,1
1377,1
1378,1
1379,1
13710,1
1381,0
1382,0
1383,1
1384,0
1385,1
1386,1
1387,0
1388,1
1389,0
13810,1
1391,1
1392,1
1393,0
1394,0
1395,0
1396,0
1397,1
1398,0
1399,1
13910,1
13101,1
13102,1
13103,0
13104,1
13105,1
13106,0
13107,0
13108,1
13109,0
131010,1
1411,0
1412,0
1413,1
1414,1
1415,1
1416,0
1417,1
1418,1
1419,1
14110,0
1421,0
1422,1
1423,0
1424,1
1425,1
1426,0
1427,1
1428,0
1429,1
14210,0
1431,0
1432,0
1433,0
1434,0
1435,0
1436,0
1437,0
1438,0
1439,0
14310,0
1441,1
1442,0
1443,0
1444,0
1445,0
1446,1
1447,0
1448,1
1449,1
14410,1
1451,1
1452,0
1453,0
1454,0
1455,1
1456,1
1457,0
1458,1
1459,0
14510,0
1461,0
1462,1
1463,1
1464,1
1465,1
1466,1
1467,1
1468,0
1469,0
14610,0
1471,1
1472,1
1473,1
1474,0
1475,1
1476,1
1477,1
1478,1
1479,0
14710,1
1481,1
1482,0
1483,0
1484,1
1485,1
1486,1
1487,0
1488,0
1489,0
14810,0
1491,0
1492,1
1493,0
1494,1
1495,0
1496,1
1497,0
1498,0
1499,0
14910,0
14101,1
14102,0
14103,1
14104,0
14105,0
14106,1
14107,1
14108,1
14109,0
141010,0
1511,0
1512,1
1513,0
1514,1
1515,0
1516,1
1517,0
1518,1
1519,0
15110,1
1521,0
1522,1
1523,1
1524,0
1525,1
1526,0
1527,0
1528,0
1529,0
15210,1
1531,1
1532,1
1533,0
1534,0
1535,0
1536,1
1537,0
1538,1
1539,0
15310,0
1541,0
1542,1
1543,1
1544,0
1545,1
1546,1
1547,1
1548,1
1549,1
15410,0
1551,1
1552,0
1553,0
1554,1
1555,0
1556,1
1557,0
1558,1
1559,1
15510,0
1561,1
1562,0
1563,0
1564,0
1565,0
1566,0
1567,0
1568,1
1569,0
15610,1
1571,0
1572,1
1573,1
1574,1
1575,1
1576,1
1577,1
1578,1
1579,1
15710,0
1581,1
1582,0
1583,1
1584,0
1585,1
1586,1
1587,0
1588,1
1589,1
15810,1
1591,1
1592,1
1593,0
1594,1
1595,0
1596,0
1597,0
1598,1
1599,0
15910,1
15101,0
15102,1
15103,1
15104,0
15105,1
15106,1
15107,1
15108,0
15109,0
151010,0
1611,1
1612,0
1613,0
1614,1
1615,1
1616,0
1617,0
1618,1
1619,1
16110,0
1621,0
1622,0
1623,0
1624,1
1625,0
1626,0
1627,1
1628,0
1629,0
16210,1
1631,1
1632,0
1633,0
1634,0
1635,1
1636,1
1637,0
1638,1
1639,1
16310,1
1641,1
1642,1
1643,1
1644,1
1645,1
1646,0
1647,1
1648,0
1649,1
16410,0
1651,1
1652,1
1653,1
1654,0
1655,0
1656,0
1657,0
1658,1
1659,0
16510,1
1661,1
1662,0
1663,0
1664,1
1665,0
1666,0
1667,1
1668,0
1669,1
16610,1
1671,0
1672,0
1673,1
1674,1
1675,1
1676,1
1677,0
1678,1
1679,1
16710,0
1681,0
1682,1
1683,1
1684,0
1685,1
1686,0
1687,1
1688,1
1689,0
16810,0
1691,0
1692,0
1693,0
1694,1
1695,0
1696,0
1697,1
1698,0
1699,0
16910,1
16101,0
16102,0
16103,0
16104,1
16105,0
16106,0
16107,1
16108,0
16109,0
161010,0
1711,0
1712,0
1713,1
1714,0
1715,1
1716,0
1717,1
1718,0
1719,0
17110,0
1721,0
1722,0
1723,0
1724,0
1725,1
1726,0
1727,0
1728,1
1729,0
17210,1
1731,0
1732,0
1733,1
1734,0
1735,0
1736,0
1737,1
1738,0
1739,0
17310,1
1741,0
1742,1
1743,1
1744,0
1745,1
1746,1
1747,0
1748,1
1749,0
17410,1
1751,0
1752,0
1753,1
1754,0
1755,1
1756,1
1757,1
1758,1
1759,0
17510,0
1761,1
1762,1
1763,1
1764,0
1765,0
1766,0
1767,0
1768,1
1769,0
17610,0
1771,1
1772,1
1773,1
1774,1
1775,1
1776,1
1777,0
1778,1
1779,1
17710,1
1781,1
1782,1
1783,1
1784,0
1785,0
1786,0
1787,1
1788,1
1789,0
17810,1
1791,1
1792,1
1793,1
1794,0
1795,1
1796,1
1797,1
1798,1
1799,0
17910,1
17101,1
17102,0
17103,0
17104,1
17105,0
17106,1
17107,0
17108,1
17109,0
171010,0
1811,0
1812,0
1813,0
1814,1
1815,0
1816,1
1817,1
1818,0
1819,0
18110,1
1821,1
1822,1
1823,1
1824,0
1825,1
1826,1
1827,0
1828,1
1829,0
18210,1
1831,0
1832,0
1833,1
1834,1
1835,0
1836,1
1837,0
1838,0
1839,0
18310,1
1841,1
1842,1
1843,0
1844,0
1845,0
1846,0
1847,1
1848,1
1849,1
18410,1
1851,1
1852,1
1853,0
1854,1
1855,1
1856,0
1857,0
1858,0
1859,1
18510,1
1861,1
1862,1
1863,1
1864,0
1865,0
1866,1
1867,1
1868,1
1869,1
18610,1
1871,0
1872,1
1873,0
1874,1
1875,1
1876,1
1877,1
1878,0
1879,0
18710,1
1881,1
1882,0
1883,1
1884,1
1885,0
1886,0
1887,1
1888,1
1889,0
18810,0
1891,1
1892,1
1893,0
1894,0
1895,0
1896,0
1897,0
1898,0
1899,1
18910,1
18101,0
18102,1
18103,0
18104,1
18105,1
18106,1
18107,1
18108,0
18109,1
181010,1
1911,0
1912,1
1913,1
1914,0
1915,1
1916,1
1917,0
1918,0
1919,0
19110,0
1921,1
1922,0
1923,1
1924,0
1925,0
1926,1
1927,0
1928,0
1929,1
19210,1
1931,0
1932,1
1933,1
1934,0
1935,0
1936,0
1937,0
1938,0
1939,0
19310,1
1941,0
1942,1
1943,0
1944,0
1945,1
1946,0
1947,0
1948,1
1949,1
19410,0
1951,0
1952,0
1953,1
1954,1
1955,0
1956,0
1957,0
1958,0
1959,0
19510,1
1961,1
1962,0
1963,0
1964,0
1965,1
1966,1
1967,1
1968,1
1969,1
19610,0
1971,1
1972,0
1973,0
1974,0
1975,1
1976,0
1977,1
1978,0
1979,1
19710,1
1981,1
1982,0
1983,1
1984,1
1985,0
1986,1
1987,0
1988,1
1989,0
19810,1
1991,1
1992,0
1993,0
1994,1
1995,1
1996,1
1997,0
1998,0
1999,1
19910,0
19101,0
19102,0
19103,1
19104,0
19105,1
19106,1
19107,0
19108,1
19109,0
191010,0
11011,1
11012,0
11013,1
11014,1
11015,1
11016,1
11017,1
11018,1
11019,1
110110,1
11021,0
11022,1
11023,1
11024,0
11025,0
11026,0
11027,1
11028,1
11029,1
110210,0
11031,0
11032,1
11033,0
11034,1
11035,1
11036,1
11037,0
11038,0
11039,1
110310,1
11041,0
11042,0
11043,1
11044,0
11045,0
11046,1
11047,0
11048,0
11049,0
110410,0
11051,0
11052,1
11053,1
11054,0
11055,1
11056,0
11057,1
11058,0
11059,0
110510,0
11061,0
11062,0
11063,0
11064,0
11065,0
11066,0
11067,1
11068,1
11069,1
110610,1
11071,1
11072,1
11073,1
11074,1
11075,0
11076,0
11077,1
11078,0
11079,1
110710,0
11081,0
11082,0
11083,0
11084,0
11085,1
11086,0
11087,0
11088,1
11089,1
110810,0
11091,0
11092,1
11093,1
11094,1
11095,0
11096,0
11097,1
11098,1
11099,0
110910,1
110101,0
110102,0
110103,1
110104,1
110105,0
110106,0
110107,0
110108,1
110109,0
1101010,0
2111,0
2112,0
2113,1
2114,1
2115,0
2116,0
2117,0
2118,1
2119,0
21110,0
2121,1
2122,0
2123,0
2124,0
2125,0
2126,0
2127,1
2128,1
2129,0
21210,0
2131,1
2132,0
2133,1
2134,1
2135,0
2136,1
2137,1
2138,1
2139,0
21310,0
2141,1
2142,0
2143,0
2144,1
2145,0
2146,1
2147,1
2148,1
2149,1
21410,1
2151,0
2152,1
2153,1
2154,1
2155,1
2156,1
2157,1
2158,1
2159,0
21510,0
2161,1
2162,0
2163,0
2164,1
2165,1
2166,1
2167,1
2168,0
2169,0
21610,1
2171,0
2172,0
2173,1
2174,1
2175,1
2176,1
2177,0
2178,1
2179,0
21710,0
2181,0
2182,1
2183,1
2184,0
2185,0
2186,1
2187,1
2188,1
2189,0
21810,1
2191,0
2192,0
2193,0
2194,1
2195,1
2196,1
2197,1
2198,0
2199,0
21910,0
21101,0
21102,0
21103,0
21104,1
21105,0
21106,1
21107,1
21108,0
21109,1
211010,0
2211,0
2212,1
2213,1
2214,0
2215,1
2216,1
2217,0
2218,1
2219,1
22110,1
2221,1
2222,1
2223,0
2224,0
2225,1
2226,1
2227,1
2228,1
2229,1
22210,1
2231,0
2232,0
2233,1
2234,1
2235,0
2236,0
2237,0
2238,1
2239,0
22310,1
2241,0
2242,0
2243,1
2244,1
2245,0
2246,0
2247,1
2248,0
2249,1
22410,0
2251,0
2252,0
2253,0
2254,1
2255,1
2256,1
2257,1
2258,1
2259,1
22510,1
2261,0
2262,1
2263,0
2264,0
2265,1
2266,1
2267,1
2268,1
2269,1
22610,0
2271,0
2272,1
2273,1
2274,0
2275,1
2276,1
2277,1
2278,0
2279,0
22710,0
2281,1
2282,1
2283,1
2284,0
2285,1
2286,0
2287,1
2288,1
2289,0
22810,0
2291,0
2292,1
2293,1
2294,1
2295,0
2296,0
2297,1
2298,1
2299,0
22910,1
22101,1
22102,0
22103,1
22104,0
22105,1
22106,0
22107,1
22108,1
22109,0
221010,1
2311,0
2312,0
2313,1
2314,1
2315,1
2316,0
2317,0
2318,0
2319,1
23110,0
2321,1
2322,0
2323,0
2324,0
2325,1
2326,1
2327,0
2328,1
2329,1
23210,1
2331,0
2332,0
2333,1
2334,0
2335,1
2336,0
2337,0
2338,0
2339,0
23310,0
2341,0
2342,1
2343,1
2344,0
2345,0
2346,0
2347,0
2348,1
2349,0
23410,0
2351,0
2352,0
2353,0
2354,0
2355,1
2356,0
2357,1
2358,0
2359,0
23510,0
2361,0
2362,1
2363,0
2364,0
2365,0
2366,1
2367,1
2368,1
2369,0
23610,0
2371,1
2372,0
2373,1
2374,1
2375,1
2376,1
2377,1
2378,0
2379,1
23710,0
2381,1
2382,0
2383,0
2384,0
2385,1
2386,1
2387,1
2388,0
2389,0
23810,0
2391,1
2392,0
2393,0
2394,1
2395,0
2396,1
2397,1
2398,0
2399,0
23910,0
23101,0
23102,1
23103,1
23104,0
23105,1
23106,0
23107,1
23108,1
23109,1
231010,0
2411,1
2412,0
2413,1
2414,0
2415,1
2416,1
2417,1
2418,1
2419,0
24110,1
2421,1
2422,0
2423,1
2424,1
2425,0
2426,1
2427,1
2428,1
2429,1
24210,0
2431,1
2432,0
2433,0
2434,1
2435,0
2436,0
2437,1
2438,0
2439,0
24310,0
2441,0
2442,0
2443,1
2444,0
2445,0
2446,1
2447,0
2448,1
2449,1
24410,1
2451,0
2452,1
2453,0
2454,0
2455,0
2456,0
2457,0
2458,0
2459,1
24510,0
2461,0
2462,0
2463,1
2464,0
2465,0
2466,0
2467,1
2468,1
2469,0
24610,0
2471,0
2472,1
2473,1
2474,1
2475,1
2476,1
2477,1
2478,1
2479,0
24710,0
2481,1
2482,0
2483,0
2484,1
2485,1
2486,1
2487,1
2488,1
2489,0
24810,1
2491,1
2492,1
2493,1
2494,0
2495,1
2496,0
2497,1
2498,0
2499,0
24910,1
24101,0
24102,0
24103,0
24104,1
24105,0
24106,1
24107,1
24108,1
24109,1
241010,0
2511,0
2512,0
2513,0
2514,1
2515,1
2516,0
2517,0
2518,1
2519,0
25110,1
2521,1
2522,1
2523,1
2524,1
2525,1
2526,0
2527,1
2528,0
2529,0
25210,1
2531,1
2532,0
2533,1
2534,0
2535,0
2536,1
2537,0
2538,1
2539,0
25310,1
2541,1
2542,1
2543,0
2544,0
2545,0
2546,0
2547,1
2548,0
2549,1
25410,1
2551,1
2552,1
2553,0
2554,0
2555,0
2556,0
2557,0
2558,1
2559,1
25510,0
2561,1
2562,0
2563,1
2564,0
2565,0
2566,0
2567,0
2568,0
2569,0
25610,1
2571,1
2572,1
2573,1
2574,1
2575,1
2576,1
2577,0
2578,1
2579,0
25710,0
2581,1
2582,1
2583,0
2584,1
2585,1
2586,1
2587,1
2588,1
2589,1
25810,1
2591,1
2592,1
2593,0
2594,0
2595,1
2596,0
2597,1
2598,1
2599,0
25910,1
25101,1
25102,0
25103,1
25104,0
25105,1
25106,1
25107,1
25108,1
25109,1
251010,1
2611,0
2612,0
2613,1
2614,0
2615,0
2616,0
2617,0
2618,1
2619,1
26110,1
2621,0
2622,1
2623,1
2624,1
2625,1
2626,1
2627,1
2628,0
2629,0
26210,1
2631,1
2632,0
2633,1
2634,0
2635,1
2636,0
2637,0
2638,0
2639,0
26310,0
2641,1
2642,1
2643,1
2644,0
2645,1
2646,1
2647,0
2648,1
2649,0
26410,1
2651,0
2652,0
2653,1
2654,0
2655,0
2656,1
2657,0
2658,1
2659,0
26510,1
2661,1
2662,0
2663,0
2664,0
2665,0
2666,1
2667,1
2668,1
2669,0
26610,1
2671,1
2672,1
2673,1
2674,1
2675,1
2676,1
2677,1
2678,0
2679,0
26710,1
2681,1
2682,1
2683,0
2684,1
2685,1
2686,0
2687,1
2688,1
2689,0
26810,1
2691,0
2692,1
2693,1
2694,0
2695,1
2696,0
2697,0
2698,0
2699,0
26910,1
26101,1
26102,1
26103,0
26104,1
26105,1
26106,0
26107,0
26108,1
26109,0
261010,0
2711,1
2712,0
2713,1
2714,0
2715,0
2716,1
2717,0
2718,1
2719,0
27110,1
2721,1
2722,1
2723,1
2724,1
2725,0
2726,0
2727,0
2728,0
2729,0
27210,0
2731,0
2732,0
2733,0
2734,1
2735,1
2736,1
2737,0
2738,0
2739,0
27310,0
2741,0
2742,0
2743,1
2744,0
2745,0
2746,0
2747,1
2748,1
2749,0
27410,0
2751,0
2752,1
2753,0
2754,0
2755,0
2756,0
2757,1
2758,0
2759,1
27510,1
2761,1
2762,0
2763,0
2764,0
2765,0
2766,0
2767,0
2768,0
2769,0
27610,0
2771,0
2772,1
2773,1
2774,1
2775,1
2776,0
2777,0
2778,1
2779,1
27710,0
2781,0
2782,0
2783,0
2784,1
2785,1
2786,0
2787,1
2788,0
2789,0
27810,1
2791,0
2792,1
2793,0
2794,0
2795,0
2796,0
2797,0
2798,1
2799,0
27910,0
27101,0
27102,1
27103,1
27104,1
27105,0
27106,1
27107,1
27108,0
27109,0
271010,0
2811,1
2812,0
2813,0
2814,1
2815,0
2816,0
2817,0
2818,0
2819,1
28110,1
2821,0
2822,1
2823,1
2824,0
2825,0
2826,0
2827,0
2828,0
2829,0
28210,0
2831,1
2832,1
2833,1
2834,0
2835,0
2836,1
2837,0
2838,0
2839,0
28310,1
2841,0
2842,0
2843,0
2844,1
2845,0
2846,1
2847,1
2848,1
2849,1
28410,1
2851,0
2852,1
2853,1
2854,0
2855,0
2856,1
2857,1
2858,1
2859,0
28510,1
2861,0
2862,0
2863,1
2864,0
2865,1
2866,1
2867,1
2868,1
2869,0
28610,0
2871,1
2872,1
2873,1
2874,1
2875,0
2876,0
2877,1
2878,0
2879,0
28710,0
2881,1
2882,0
2883,0
2884,1
2885,1
2886,0
2887,1
2888,1
2889,0
28810,1
2891,0
2892,0
2893,1
2894,0
2895,0
2896,1
2897,1
2898,1
2899,0
28910,1
28101,0
28102,1
28103,1
28104,0
28105,1
28106,0
28107,1
28108,0
28109,1
281010,0
2911,1
2912,0
2913,1
2914,1
2915,1
2916,0
2917,0
2918,0
2919,0
29110,0
2921,0
2922,0
2923,1
2924,1
2925,1
2926,1
2927,0
2928,0
2929,1
29210,0
2931,1
2932,1
2933,0
2934,1
2935,0
2936,1
2937,1
2938,1
2939,1
29310,1
2941,0
2942,1
2943,1
2944,0
2945,0
2946,1
2947,1
2948,1
2949,0
29410,1
2951,0
2952,1
2953,0
2954,0
2955,1
2956,0
2957,0
2958,1
2959,0
29510,0
2961,1
2962,1
2963,0
2964,1
2965,1
2966,1
2967,0
2968,0
2969,0
29610,1
2971,0
2972,0
2973,1
2974,0
2975,0
2976,1
2977,0
2978,0
2979,0
29710,1
2981,0
2982,0
2983,0
2984,0
2985,1
2986,1
2987,0
2988,1
2989,0
29810,0
2991,1
2992,1
2993,0
2994,0
2995,1
2996,1
2997,1
2998,0
2999,0
29910,0
29101,1
29102,0
29103,1
29104,1
29105,1
29106,1
29107,0
29108,1
29109,1
291010,0
21011,1
21012,0
21013,1
21014,1
21015,0
21016,1
21017,1
21018,1
21019,1
210110,0
21021,1
21022,1
21023,1
21024,0
21025,1
21026,1
21027,0
21028,0
21029,0
210210,1
21031,1
21032,0
21033,1
21034,0
21035,1
21036,0
21037,1
21038,1
21039,0
210310,0
21041,0
21042,0
21043,1
21044,0
21045,1
21046,1
21047,0
21048,1
21049,1
210410,1
21051,1
21052,1
21053,0
21054,1
21055,1
21056,0
21057,0
21058,1
21059,1
210510,1
21061,1
21062,1
21063,0
21064,1
21065,1
21066,0
21067,1
21068,1
21069,0
210610,0
21071,0
21072,1
21073,1
21074,0
21075,0
21076,0
21077,1
21078,1
21079,1
210710,0
21081,0
21082,0
21083,0
21084,1
21085,0
21086,1
21087,0
21088,1
21089,0
210810,1
21091,0
21092,1
21093,1
21094,0
21095,1
21096,0
21097,0
21098,0
21099,0
210910,1
210101,0
210102,1
210103,0
210104,1
210105,1
210106,1
210107,0
210108,1
210109,0
2101010,1
3111,1
3112,1
3113,0
3114,1
3115,0
3116,1
3117,0
3118,1
3119,1
31110,1
3121,1
3122,1
3123,0
3124,1
3125,1
3126,1
3127,1
3128,1
3129,1
31210,1
3131,1
3132,0
3133,0
3134,0
3135,1
3136,0
3137,0
3138,1
3139,0
31310,0
3141,0
3142,1
3143,0
3144,0
3145,1
3146,0
3147,0
3148,1
3149,1
31410,0
3151,0
3152,0
3153,1
3154,0
3155,0
3156,1
3157,1
3158,1
3159,1
31510,0
3161,1
3162,0
3163,0
3164,1
3165,1
3166,0
3167,1
3168,1
3169,1
31610,1
3171,1
3172,1
3173,0
3174,0
3175,0
3176,1
3177,1
3178,1
3179,1
31710,1
3181,1
3182,1
3183,0
3184,0
3185,1
3186,1
3187,1
3188,0
3189,1
31810,1
3191,0
3192,0
3193,1
3194,1
3195,0
3196,0
3197,0
3198,1
3199,1
31910,0
31101,0
31102,0
31103,1
31104,1
31105,0
31106,0
31107,1
31108,1
31109,1
311010,1
3211,1
3212,1
3213,0
3214,0
3215,1
3216,1
3217,0
3218,1
3219,1
32110,1
3221,0
3222,1
3223,1
3224,0
3225,0
3226,1
3227,1
3228,1
3229,0
32210,1
3231,1
3232,1
3233,0
3234,0
3235,0
3236,0
3237,0
3238,1
3239,1
32310,0
3241,1
3242,1
3243,0
3244,1
3245,0
3246,0
3247,1
3248,0
3249,1
32410,0
3251,0
3252,1
3253,0
3254,1
3255,1
3256,0
3257,1
3258,1
3259,0
32510,0
3261,1
3262,0
3263,0
3264,1
3265,0
3266,1
3267,1
3268,1
3269,0
32610,1
3271,0
3272,1
3273,1
3274,1
3275,1
3276,1
3277,1
3278,0
3279,1
32710,0
3281,0
3282,0
3283,1
3284,0
3285,1
3286,1
3287,1
3288,0
3289,0
32810,0
3291,1
3292,1
3293,1
3294,0
3295,1
3296,0
3297,0
3298,1
3299,1
32910,0
32101,1
32102,0
32103,0
32104,1
32105,0
32106,1
32107,1
32108,1
32109,0
321010,0
3311,1
3312,1
3313,1
3314,0
3315,0
3316,0
3317,1
3318,0
3319,1
33110,1
3321,1
3322,0
3323,0
3324,0
3325,0
3326,0
3327,1
3328,1
3329,1
33210,1
3331,0
3332,1
3333,1
3334,0
3335,0
3336,0
3337,1
3338,1
3339,0
33310,0
3341,0
3342,1
3343,0
3344,0
3345,0
3346,1
3347,0
3348,0
3349,0
33410,1
3351,0
3352,0
3353,0
3354,0
3355,0
3356,0
3357,1
3358,1
3359,1
33510,1
3361,0
3362,1
3363,0
3364,1
3365,1
3366,1
3367,1
3368,1
3369,1
33610,1
3371,0
3372,1
3373,0
3374,1
3375,1
3376,1
3377,1
3378,1
3379,0
33710,1
3381,1
3382,0
3383,1
3384,1
3385,1
3386,1
3387,1
3388,0
3389,0
33810,0
3391,1
3392,0
3393,0
3394,0
3395,0
3396,0
3397,0
3398,1
3399,1
33910,1
33101,0
33102,1
33103,0
33104,0
33105,1
33106,1
33107,0
33108,1
33109,1
331010,0
3411,1
3412,1
3413,0
3414,0
3415,0
3416,0
3417,0
3418,0
3419,1
34110,0
3421,0
3422,1
3423,0
3424,1
3425,1
3426,1
3427,0
3428,0
3429,0
34210,1
3431,1
3432,0
3433,0
3434,0
3435,0
3436,0
3437,0
3438,1
3439,1
34310,1
3441,0
3442,1
3443,1
3444,0
3445,0
3446,0
3447,0
3448,1
3449,1
34410,0
3451,1
3452,1
3453,0
3454,0
3455,0
3456,0
3457,1
3458,1
3459,1
34510,0
3461,0
3462,0
3463,0
3464,1
3465,0
3466,0
3467,1
3468,1
3469,1
34610,1
3471,1
3472,0
3473,1
3474,1
3475,1
3476,1
3477,1
3478,1
3479,0
34710,0
3481,1
3482,0
3483,0
3484,1
3485,1
3486,1
3487,0
3488,0
3489,1
34810,1
3491,1
3492,0
3493,1
3494,0
3495,0
3496,0
3497,0
3498,1
3499,0
34910,1
34101,0
34102,1
34103,0
34104,0
34105,0
34106,0
34107,0
34108,1
34109,0
341010,0
3511,0
3512,0
3513,0
3514,0
3515,1
3516,1
3517,1
3518,0
3519,0
35110,0
3521,0
3522,0
3523,1
3524,0
3525,1
3526,0
3527,0
3528,0
3529,0
35210,1
3531,1
3532,0
3533,0
3534,1
3535,0
3536,1
3537,0
3538,0
3539,1
35310,1
3541,0
3542,0
3543,1
3544,0
3545,0
3546,0
3547,0
3548,1
3549,0
35410,0
3551,0
3552,0
3553,0
3554,0
3555,0
3556,0
3557,0
3558,0
3559,1
35510,1
3561,0
3562,1
3563,0
3564,0
3565,0
3566,1
3567,1
3568,1
3569,1
35610,0
3571,1
3572,0
3573,1
3574,1
3575,1
3576,1
3577,0
3578,1
3579,0
35710,0
3581,1
3582,1
3583,0
3584,1
3585,1
3586,1
3587,1
3588,0
3589,0
35810,0
3591,0
3592,1
3593,1
3594,1
3595,0
3596,1
3597,1
3598,1
3599,0
35910,0
35101,0
35102,1
35103,1
35104,0
35105,1
35106,0
35107,0
35108,0
35109,0
351010,1
3611,0
3612,1
3613,0
3614,0
3615,1
3616,0
3617,0
3618,1
3619,0
36110,1
3621,1
3622,0
3623,1
3624,1
3625,1
3626,0
3627,1
3628,1
3629,1
36210,0
3631,1
3632,0
3633,0
3634,1
3635,0
3636,0
3637,0
3638,1
3639,0
36310,1
3641,0
3642,0
3643,1
3644,0
3645,0
3646,1
3647,0
3648,0
3649,0
36410,1
3651,0
3652,1
3653,1
3654,0
3655,0
3656,0
3657,1
3658,1
3659,0
36510,0
3661,1
3662,1
3663,0
3664,1
3665,0
3666,0
3667,1
3668,0
3669,0
36610,1
3671,1
3672,0
3673,1
3674,1
3675,1
3676,1
3677,0
3678,1
3679,0
36710,0
3681,0
3682,1
3683,1
3684,1
3685,1
3686,0
3687,1
3688,0
3689,1
36810,1
3691,0
3692,1
3693,0
3694,1
3695,0
3696,1
3697,1
3698,0
3699,0
36910,0
36101,1
36102,0
36103,1
36104,0
36105,0
36106,0
36107,0
36108,0
36109,0
361010,1
3711,1
3712,1
3713,1
3714,1
3715,0
3716,1
3717,1
3718,0
3719,0
37110,0
3721,1
3722,1
3723,0
3724,0
3725,1
3726,0
3727,1
3728,0
3729,0
37210,0
3731,1
3732,1
3733,0
3734,1
3735,1
3736,0
3737,0
3738,1
3739,0
37310,1
3741,0
3742,1
3743,0
3744,0
3745,0
3746,1
3747,1
3748,0
3749,1
37410,1
3751,0
3752,1
3753,0
3754,0
3755,0
3756,0
3757,0
3758,0
3759,0
37510,1
3761,0
3762,0
3763,0
3764,0
3765,0
3766,1
3767,0
3768,0
3769,0
37610,0
3771,1
3772,0
3773,1
3774,1
3775,1
3776,1
3777,1
3778,0
3779,1
37710,0
3781,1
3782,0
3783,0
3784,1
3785,1
3786,0
3787,1
3788,0
3789,0
37810,1
3791,1
3792,0
3793,1
3794,1
3795,0
3796,1
3797,0
3798,1
3799,0
37910,0
37101,1
37102,1
37103,0
37104,1
37105,0
37106,0
37107,1
37108,0
37109,0
371010,0
3811,1
3812,1
3813,0
3814,0
3815,0
3816,0
3817,0
3818,0
3819,0
38110,0
3821,0
3822,0
3823,0
3824,1
3825,0
3826,0
3827,1
3828,0
3829,1
38210,1
3831,0
3832,1
3833,0
3834,1
3835,0
3836,0
3837,0
3838,1
3839,0
38310,0
3841,1
3842,0
3843,1
3844,1
3845,1
3846,1
3847,0
3848,1
3849,1
38410,1
3851,1
3852,0
3853,0
3854,0
3855,0
3856,1
3857,0
3858,0
3859,0
38510,1
3861,1
3862,0
3863,0
3864,0
3865,0
3866,0
3867,1
3868,1
3869,1
38610,0
3871,1
3872,1
3873,1
3874,1
3875,1
3876,1
3877,1
3878,1
3879,1
38710,0
3881,1
3882,1
3883,1
3884,1
3885,0
3886,0
3887,1
3888,1
3889,1
38810,1
3891,0
3892,0
3893,0
3894,1
3895,1
3896,0
3897,1
3898,1
3899,1
38910,0
38101,1
38102,1
38103,1
38104,1
38105,0
38106,1
38107,1
38108,1
38109,0
381010,0
3911,0
3912,1
3913,1
3914,0
3915,1
3916,0
3917,1
3918,0
3919,0
39110,0
3921,1
3922,0
3923,1
3924,0
3925,1
3926,1
3927,0
3928,0
3929,0
39210,0
3931,0
3932,0
3933,1
3934,0
3935,1
3936,1
3937,0
3938,0
3939,0
39310,0
3941,1
3942,0
3943,0
3944,1
3945,1
3946,0
3947,1
3948,0
3949,0
39410,0
3951,1
3952,0
3953,0
3954,1
3955,0
3956,0
3957,1
3958,1
3959,0
39510,0
3961,1
3962,0
3963,0
3964,1
3965,0
3966,0
3967,0
3968,1
3969,1
39610,0
3971,0
3972,0
3973,1
3974,0
3975,1
3976,0
3977,0
3978,0
3979,1
39710,1
3981,1
3982,0
3983,1
3984,0
3985,1
3986,0
3987,0
3988,1
3989,0
39810,0
3991,0
3992,0
3993,0
3994,1
3995,0
3996,0
3997,1
3998,1
3999,0
39910,0
39101,1
39102,0
39103,0
39104,1
39105,0
39106,0
39107,1
39108,0
39109,1
391010,0
31011,0
31012,0
31013,0
31014,1
31015,1
31016,1
31017,0
31018,1
31019,0
310110,0
31021,0
31022,1
31023,1
31024,0
31025,1
31026,1
31027,1
31028,0
31029,1
310210,0
31031,0
31032,1
31033,0
31034,1
31035,1
31036,1
31037,1
31038,1
31039,1
310310,1
31041,1
31042,0
31043,1
31044,0
31045,0
31046,0
31047,0
31048,0
31049,0
310410,1
31051,0
31052,1
31053,0
31054,1
31055,0
31056,1
31057,0
31058,0
31059,1
310510,0
31061,0
31062,1
31063,1
31064,0
31065,1
31066,0
31067,0
31068,0
31069,1
310610,1
31071,0
31072,0
31073,1
31074,0
31075,1
31076,0
31077,1
31078,0
31079,0
310710,1
31081,0
31082,1
31083,1
31084,0
31085,0
31086,1
31087,0
31088,1
31089,1
310810,1
31091,1
31092,0
31093,0
31094,0
31095,1
31096,0
31097,0
31098,1
31099,0
310910,0
310101,1
310102,0
310103,1
310104,1
310105,1
310106,1
310107,1
310108,0
310109,1
3101010,1
4111,1
4112,0
4113,0
4114,0
4115,0
4116,0
4117,1
4118,0
4119,1
41110,1
4121,1
4122,1
4123,1
4124,1
4125,0
4126,0
4127,1
4128,1
4129,0
41210,0
4131,1
4132,0
4133,1
4134,1
4135,1
4136,0
4137,0
4138,0
4139,1
41310,1
4141,1
4142,0
4143,1
4144,0
4145,0
4146,1
4147,1
4148,0
4149,1
41410,1
4151,1
4152,1
4153,0
4154,1
4155,1
4156,0
4157,1
4158,1
4159,1
41510,0
4161,1
4162,1
4163,1
4164,0
4165,0
4166,1
4167,1
4168,1
4169,0
41610,1
4171,0
4172,0
4173,0
4174,0
4175,0
4176,1
4177,1
4178,0
4179,0
41710,1
4181,1
4182,1
4183,1
4184,0
4185,1
4186,0
4187,1
4188,1
4189,1
41810,1
4191,0
4192,0
4193,0
4194,0
4195,0
4196,0
4197,0
4198,1
4199,0
41910,0
41101,0
41102,1
41103,1
41104,0
41105,1
41106,1
41107,1
41108,0
41109,1
411010,0
4211,0
4212,1
4213,1
4214,1
4215,0
4216,1
4217,0
4218,0
4219,0
42110,1
4221,1
4222,1
4223,0
4224,0
4225,0
4226,0
4227,1
4228,1
4229,1
42210,0
4231,1
4232,0
4233,0
4234,1
4235,0
4236,0
4237,0
4238,1
4239,1
42310,0
4241,1
4242,1
4243,0
4244,0
4245,0
4246,0
4247,1
4248,1
4249,0
42410,1
4251,1
4252,1
4253,0
4254,1
4255,0
4256,0
4257,1
4258,1
4259,1
42510,1
4261,0
4262,0
4263,1
4264,1
4265,1
4266,1
4267,1
4268,1
4269,0
42610,1
4271,1
4272,1
4273,1
4274,0
4275,1
4276,1
4277,1
4278,0
4279,1
42710,0
4281,0
4282,1
4283,1
4284,1
4285,1
4286,0
4287,1
4288,1
4289,1
42810,1
4291,1
4292,1
4293,1
4294,1
4295,1
4296,0
4297,1
4298,0
4299,0
42910,1
42101,1
42102,0
42103,0
42104,1
42105,1
42106,1
42107,0
42108,1
42109,0
421010,0
4311,1
4312,1
4313,1
4314,1
4315,0
4316,1
4317,1
4318,1
4319,0
43110,1
4321,1
4322,1
4323,0
4324,0
4325,1
4326,0
4327,0
4328,0
4329,0
43210,0
4331,0
4332,1
4333,0
4334,1
4335,0
4336,0
4337,0
4338,1
4339,1
43310,0
4341,1
4342,1
4343,1
4344,0
4345,0
4346,0
4347,0
4348,1
4349,1
43410,0
4351,1
4352,0
4353,0
4354,0
4355,0
4356,0
4357,1
4358,0
4359,1
43510,1
4361,1
4362,0
4363,0
4364,1
4365,1
4366,1
4367,1
4368,1
4369,0
43610,1
4371,0
4372,0
4373,0
4374,1
4375,1
4376,1
4377,1
4378,0
4379,0
43710,1
4381,1
4382,0
4383,0
4384,1
4385,1
4386,1
4387,0
4388,1
4389,1
43810,0
4391,0
4392,1
4393,0
4394,1
4395,1
4396,1
4397,1
4398,1
4399,1
43910,0
43101,0
43102,0
43103,0
43104,0
43105,1
43106,0
43107,0
43108,0
43109,1
431010,1
4411,1
4412,1
4413,1
4414,1
4415,0
4416,0
4417,1
4418,0
4419,0
44110,0
4421,1
4422,0
4423,1
4424,1
4425,1
4426,1
4427,0
4428,1
4429,1
44210,0
4431,0
4432,1
4433,1
4434,0
4435,0
4436,0
4437,0
4438,1
4439,1
44310,0
4441,0
4442,0
4443,1
4444,0
4445,0
4446,0
4447,0
4448,1
4449,1
44410,0
4451,0
4452,0
4453,0
4454,1
4455,0
4456,0
4457,1
4458,1
4459,1
44510,1
4461,1
4462,0
4463,1
4464,0
4465,0
4466,1
4467,1
4468,1
4469,0
44610,1
4471,1
4472,1
4473,1
4474,0
4475,1
4476,1
4477,1
4478,0
4479,0
44710,1
4481,0
4482,0
4483,0
4484,1
4485,1
4486,1
4487,1
4488,0
4489,0
44810,0
4491,1
4492,1
4493,0
4494,1
4495,1
4496,1
4497,0
4498,1
4499,0
44910,0
44101,0
44102,0
44103,1
44104,1
44105,0
44106,1
44107,0
44108,0
44109,0
441010,1
4511,0
4512,1
4513,1
4514,0
4515,1
4516,0
4517,0
4518,0
4519,0
45110,1
4521,1
4522,0
4523,1
4524,1
4525,1
4526,1
4527,0
4528,1
4529,0
45210,1
4531,0
4532,0
4533,1
4534,0
4535,0
4536,0
4537,0
4538,0
4539,0
45310,0
4541,0
4542,0
4543,0
4544,0
4545,0
4546,0
4547,0
4548,1
4549,0
45410,0
4551,0
4552,1
4553,0
4554,0
4555,0
4556,0
4557,0
4558,0
4559,1
45510,1
4561,0
4562,1
4563,1
4564,0
4565,0
4566,0
4567,1
4568,1
4569,1
45610,1
4571,1
4572,1
4573,0
4574,1
4575,1
4576,1
4577,1
4578,0
4579,1
45710,0
4581,1
4582,0
4583,1
4584,1
4585,1
4586,1
4587,1
4588,0
4589,1
45810,1
4591,1
4592,1
4593,0
4594,0
4595,1
4596,0
4597,0
4598,1
4599,1
45910,0
45101,1
45102,0
45103,0
45104,0
45105,0
45106,0
45107,1
45108,0
45109,0
451010,1
4611,1
4612,1
4613,1
4614,0
4615,0
4616,1
4617,1
4618,0
4619,0
46110,0
4621,1
4622,0
4623,1
4624,1
4625,1
4626,0
4627,1
4628,1
4629,0
46210,1
4631,0
4632,0
4633,1
4634,0
4635,0
4636,0
4637,1
4638,0
4639,0
46310,0
4641,0
4642,0
4643,1
4644,0
4645,0
4646,0
4647,0
4648,1
4649,1
46410,1
4651,0
4652,1
4653,0
4654,0
4655,0
4656,0
4657,0
4658,1
4659,0
46510,1
4661,0
4662,1
4663,0
4664,0
4665,0
4666,1
4667,1
4668,0
4669,0
46610,0
4671,1
4672,0
4673,1
4674,1
4675,1
4676,1
4677,1
4678,0
4679,0
46710,1
4681,0
4682,1
4683,1
4684,1
4685,1
4686,1
4687,0
4688,0
4689,0
46810,1
4691,0
4692,0
4693,1
4694,1
4695,0
4696,1
4697,1
4698,0
4699,1
46910,0
46101,1
46102,1
46103,0
46104,0
46105,1
46106,1
46107,1
46108,0
46109,0
461010,0
4711,1
4712,1
4713,0
4714,1
4715,1
4716,0
4717,1
4718,1
4719,0
47110,1
4721,0
4722,1
4723,1
4724,1
4725,1
4726,0
4727,0
4728,0
4729,0
47210,0
4731,0
4732,0
4733,1
4734,1
4735,0
4736,0
4737,0
4738,0
4739,0
47310,0
4741,1
4742,1
4743,0
4744,0
4745,0
4746,0
4747,0
4748,0
4749,1
47410,1
4751,1
4752,0
4753,0
4754,0
4755,0
4756,0
4757,0
4758,1
4759,0
47510,0
4761,1
4762,0
4763,0
4764,0
4765,1
4766,0
4767,0
4768,0
4769,0
47610,0
4771,0
4772,0
4773,0
4774,0
4775,1
4776,1
4777,1
4778,0
4779,0
47710,1
4781,1
4782,1
4783,0
4784,1
4785,1
4786,1
4787,1
4788,0
4789,1
47810,1
4791,0
4792,0
4793,1
4794,0
4795,1
4796,0
4797,0
4798,1
4799,1
47910,1
47101,0
47102,0
47103,1
47104,1
47105,1
47106,1
47107,0
47108,0
47109,0
471010,1
4811,1
4812,1
4813,0
4814,1
4815,0
4816,1
4817,1
4818,1
4819,0
48110,1
4821,1
4822,0
4823,0
4824,1
4825,1
4826,0
4827,1
4828,0
4829,0
48210,0
4831,1
4832,1
4833,0
4834,0
4835,0
4836,0
4837,0
4838,0
4839,1
48310,1
4841,1
4842,0
4843,1
4844,0
4845,1
4846,1
4847,1
4848,1
4849,1
48410,1
4851,0
4852,1
4853,0
4854,1
4855,0
4856,1
4857,1
4858,0
4859,1
48510,0
4861,0
4862,0
4863,0
4864,0
4865,0
4866,1
4867,0
4868,0
4869,1
48610,1
4871,0
4872,1
4873,0
4874,0
4875,0
4876,0
4877,0
4878,0
4879,1
48710,0
4881,1
4882,1
4883,1
4884,1
4885,1
4886,1
4887,0
4888,1
4889,1
48810,1
4891,0
4892,1
4893,1
4894,0
4895,0
4896,1
4897,0
4898,1
4899,0
48910,0
48101,0
48102,1
48103,0
48104,1
48105,0
48106,1
48107,0
48108,1
48109,0
481010,1
4911,1
4912,1
4913,0
4914,0
4915,0
4916,1
4917,1
4918,0
4919,0
49110,0
4921,1
4922,0
4923,0
4924,0
4925,0
4926,1
4927,0
4928,0
4929,1
49210,1
4931,1
4932,0
4933,0
4934,1
4935,1
4936,1
4937,1
4938,0
4939,0
49310,1
4941,0
4942,1
4943,1
4944,0
4945,0
4946,0
4947,0
4948,0
4949,1
49410,1
4951,0
4952,0
4953,0
4954,1
4955,1
4956,0
4957,0
4958,1
4959,0
49510,0
4961,0
4962,1
4963,0
4964,0
4965,1
4966,0
4967,0
4968,0
4969,0
49610,0
4971,1
4972,0
4973,0
4974,0
4975,0
4976,1
4977,1
4978,0
4979,1
49710,1
4981,0
4982,0
4983,1
4984,0
4985,1
4986,0
4987,0
4988,1
4989,0
49810,1
4991,0
4992,1
4993,0
4994,1
4995,1
4996,0
4997,1
4998,0
4999,0
49910,1
49101,0
49102,1
49103,0
49104,1
49105,0
49106,1
49107,1
49108,1
49109,1
491010,1
41011,0
41012,1
41013,0
41014,0
41015,0
41016,1
41017,0
41018,1
41019,0
410110,0
41021,1
41022,0
41023,0
41024,1
41025,1
41026,0
41027,0
41028,0
41029,1
410210,0
41031,1
41032,1
41033,1
41034,1
41035,0
41036,0
41037,0
41038,0
41039,1
410310,1
41041,0
41042,1
41043,0
41044,0
41045,1
41046,0
41047,1
41048,1
41049,0
410410,1
41051,0
41052,0
41053,0
41054,0
41055,0
41056,0
41057,1
41058,1
41059,0
410510,0
41061,1
41062,1
41063,0
41064,1
41065,1
41066,0
41067,1
41068,0
41069,1
410610,1
41071,1
41072,1
41073,1
41074,1
41075,1
41076,0
41077,1
41078,1
41079,0
410710,0
41081,1
41082,0
41083,1
41084,0
41085,0
41086,0
41087,0
41088,0
41089,0
410810,1
41091,0
41092,0
41093,0
41094,0
41095,0
41096,0
41097,1
41098,0
41099,0
410910,0
410101,0
410102,1
410103,1
410104,1
410105,0
410106,1
410107,0
410108,1
410109,0
4101010,1
5111,1
5112,0
5113,0
5114,1
5115,0
5116,0
5117,1
5118,1
5119,0
51110,0
5121,1
5122,0
5123,0
5124,1
5125,1
5126,0
5127,0
5128,1
5129,1
51210,1
5131,0
5132,0
5133,0
5134,1
5135,0
5136,0
5137,0
5138,1
5139,1
51310,1
5141,1
5142,1
5143,0
5144,1
5145,0
5146,1
5147,1
5148,1
5149,1
51410,1
5151,1
5152,0
5153,1
5154,1
5155,0
5156,1
5157,1
5158,1
5159,1
51510,1
5161,0
5162,1
5163,1
5164,1
5165,1
5166,1
5167,1
5168,1
5169,0
51610,0
5171,0
5172,1
5173,1
5174,0
5175,1
5176,0
5177,0
5178,1
5179,0
51710,1
5181,1
5182,0
5183,1
5184,0
5185,0
5186,0
5187,0
5188,0
5189,1
51810,1
5191,0
5192,1
5193,0
5194,0
5195,1
5196,0
5197,1
5198,1
5199,1
51910,1
51101,1
51102,0
51103,1
51104,0
51105,1
51106,1
51107,1
51108,0
51109,1
511010,0
5211,0
5212,1
5213,1
5214,1
5215,0
5216,0
5217,0
5218,1
5219,0
52110,1
5221,0
5222,1
5223,1
5224,1
5225,1
5226,0
5227,0
5228,0
5229,0
52210,1
5231,1
5232,1
5233,0
5234,0
5235,0
5236,0
5237,0
5238,0
5239,1
52310,0
5241,1
5242,1
5243,1
5244,0
5245,0
5246,1
5247,1
5248,1
5249,1
52410,1
5251,0
5252,0
5253,0
5254,0
5255,1
5256,1
5257,1
5258,1
5259,1
52510,0
5261,0
5262,0
5263,0
5264,0
5265,1
5266,1
5267,1
5268,1
5269,0
52610,1
5271,1
5272,0
5273,1
5274,1
5275,1
5276,0
5277,1
5278,0
5279,0
52710,1
5281,1
5282,0
5283,1
5284,0
5285,0
5286,0
5287,1
5288,1
5289,0
52810,0
5291,1
5292,0
5293,1
5294,0
5295,1
5296,0
5297,1
5298,0
5299,0
52910,1
52101,0
52102,1
52103,1
52104,1
52105,1
52106,0
52107,0
52108,1
52109,1
521010,0
5311,1
5312,1
5313,1
5314,0
5315,1
5316,0
5317,1
5318,0
5319,0
53110,1
5321,0
5322,0
5323,0
5324,1
5325,0
5326,1
5327,0
5328,1
5329,1
53210,0
5331,0
5332,1
5333,1
5334,1
5335,0
5336,0
5337,0
5338,0
5339,0
53310,0
5341,0
5342,1
5343,1
5344,0
5345,0
5346,0
5347,1
5348,1
5349,1
53410,0
5351,0
5352,1
5353,1
5354,0
5355,1
5356,1
5357,1
5358,1
5359,1
53510,1
5361,0
5362,1
5363,1
5364,0
5365,1
5366,1
5367,1
5368,1
5369,0
53610,1
5371,0
5372,0
5373,1
5374,1
5375,0
5376,1
5377,1
5378,1
5379,1
53710,0
5381,1
5382,0
5383,0
5384,1
5385,1
5386,0
5387,1
5388,1
5389,1
53810,1
5391,1
5392,0
5393,1
5394,0
5395,0
5396,0
5397,0
5398,0
5399,1
53910,0
53101,0
53102,0
53103,0
53104,1
53105,1
53106,0
53107,0
53108,1
53109,1
531010,0
5411,1
5412,1
5413,1
5414,1
5415,1
5416,0
5417,0
5418,1
5419,1
54110,1
5421,1
5422,1
5423,0
5424,0
5425,0
5426,1
5427,0
5428,1
5429,0
54210,1
5431,1
5432,0
5433,1
5434,1
5435,0
5436,0
5437,0
5438,1
5439,0
54310,0
5441,1
5442,1
5443,1
5444,0
5445,0
5446,0
5447,0
5448,0
5449,1
54410,1
5451,0
5452,1
5453,1
5454,0
5455,1
5456,1
5457,1
5458,1
5459,0
54510,0
5461,0
5462,0
5463,0
5464,1
5465,1
5466,1
5467,1
5468,1
5469,0
54610,0
5471,0
5472,1
5473,0
5474,1
5475,1
5476,1
5477,1
5478,1
5479,0
54710,0
5481,1
5482,1
5483,1
5484,0
5485,1
5486,1
5487,1
5488,0
5489,1
54810,1
5491,1
5492,1
5493,1
5494,0
5495,1
5496,0
5497,1
5498,1
5499,1
54910,0
54101,0
54102,0
54103,1
54104,0
54105,0
54106,0
54107,0
54108,1
54109,0
541010,0
5511,0
5512,0
5513,0
5514,0
5515,0
5516,0
5517,1
5518,1
5519,1
55110,0
5521,1
5522,1
5523,1
5524,0
5525,1
5526,1
5527,1
5528,0
5529,1
55210,0
5531,0
5532,1
5533,0
5534,0
5535,0
5536,0
5537,1
5538,1
5539,1
55310,0
5541,0
5542,1
5543,1
5544,0
5545,0
5546,0
5547,0
5548,1
5549,0
55410,1
5551,1
5552,0
5553,1
5554,0
5555,0
5556,1
5557,1
5558,0
5559,0
55510,0
5561,0
5562,0
5563,0
5564,0
5565,1
5566,1
5567,1
5568,1
5569,0
55610,0
5571,1
5572,1
5573,0
5574,1
5575,1
5576,1
5577,1
5578,0
5579,1
55710,1
5581,0
5582,1
5583,1
5584,1
5585,1
5586,1
5587,1
5588,0
5589,0
55810,1
5591,0
5592,0
5593,0
5594,0
5595,1
5596,0
5597,1
5598,0
5599,1
55910,0
55101,1
55102,1
55103,0
55104,1
55105,1
55106,0
55107,1
55108,1
55109,0
551010,0
5611,0
5612,1
5613,1
5614,1
5615,0
5616,0
5617,1
5618,0
5619,1
56110,1
5621,1
5622,0
5623,0
5624,0
5625,0
5626,1
5627,0
5628,0
5629,1
56210,1
5631,0
5632,1
5633,1
5634,0
5635,1
5636,0
5637,1
5638,0
5639,1
56310,0
5641,0
5642,1
5643,0
5644,0
5645,0
5646,0
5647,0
5648,0
5649,0
56410,1
5651,0
5652,1
5653,1
5654,0
5655,0
5656,0
5657,0
5658,0
5659,1
56510,1
5661,0
5662,1
5663,0
5664,0
5665,1
5666,1
5667,1
5668,0
5669,1
56610,1
5671,1
5672,0
5673,0
5674,1
5675,1
5676,1
5677,0
5678,0
5679,0
56710,1
5681,0
5682,1
5683,1
5684,1
5685,1
5686,1
5687,0
5688,1
5689,0
56810,1
5691,1
5692,1
5693,1
5694,0
5695,0
5696,1
5697,1
5698,0
5699,1
56910,0
56101,1
56102,0
56103,0
56104,1
56105,1
56106,1
56107,0
56108,0
56109,1
561010,0
5711,1
5712,1
5713,0
5714,0
5715,1
5716,1
5717,0
5718,0
5719,1
57110,1
5721,0
5722,1
5723,1
5724,0
5725,1
5726,0
5727,0
5728,0
5729,0
57210,0
5731,1
5732,0
5733,0
5734,0
5735,1
5736,0
5737,0
5738,1
5739,0
57310,1
5741,1
5742,0
5743,0
5744,1
5745,0
5746,0
5747,1
5748,0
5749,0
57410,1
5751,0
5752,0
5753,0
5754,0
5755,0
5756,0
5757,1
5758,1
5759,1
57510,0
5761,1
5762,0
5763,0
5764,0
5765,0
5766,1
5767,0
5768,1
5769,1
57610,1
5771,1
5772,1
5773,0
5774,0
5775,1
5776,1
5777,0
5778,1
5779,1
57710,1
5781,1
5782,1
5783,0
5784,1
5785,1
5786,1
5787,1
5788,1
5789,1
57810,1
5791,0
5792,1
5793,1
5794,1
5795,0
5796,1
5797,1
5798,0
5799,1
57910,0
57101,1
57102,1
57103,1
57104,0
57105,0
57106,0
57107,0
57108,1
57109,0
571010,0
5811,0
5812,1
5813,0
5814,1
5815,1
5816,1
5817,0
5818,1
5819,1
58110,1
5821,1
5822,0
5823,0
5824,0
5825,1
5826,1
5827,1
5828,1
5829,1
58210,1
5831,1
5832,1
5833,0
5834,1
5835,0
5836,0
5837,0
5838,0
5839,1
58310,0
5841,0
5842,0
5843,0
5844,0
5845,0
5846,0
5847,0
5848,1
5849,0
58410,0
5851,1
5852,0
5853,0
5854,0
5855,0
5856,0
5857,0
5858,0
5859,1
58510,0
5861,1
5862,0
5863,0
5864,0
5865,0
5866,1
5867,0
5868,0
5869,0
58610,1
5871,1
5872,1
5873,1
5874,0
5875,0
5876,1
5877,0
5878,0
5879,1
58710,1
5881,1
5882,1
5883,1
5884,1
5885,1
5886,1
5887,0
5888,1
5889,0
58810,0
5891,1
5892,0
5893,1
5894,0
5895,1
5896,0
5897,0
5898,1
5899,0
58910,1
58101,0
58102,1
58103,0
58104,1
58105,1
58106,0
58107,0
58108,1
58109,1
581010,0
5911,1
5912,1
5913,1
5914,0
5915,0
5916,0
5917,0
5918,0
5919,0
59110,0
5921,1
5922,0
5923,1
5924,1
5925,1
5926,1
5927,0
5928,0
5929,0
59210,0
5931,1
5932,1
5933,1
5934,0
5935,0
5936,0
5937,1
5938,1
5939,0
59310,1
5941,1
5942,1
5943,0
5944,0
5945,0
5946,0
5947,1
5948,1
5949,0
59410,1
5951,0
5952,1
5953,0
5954,0
5955,0
5956,1
5957,0
5958,1
5959,0
59510,0
5961,1
5962,1
5963,0
5964,0
5965,0
5966,0
5967,0
5968,0
5969,1
59610,1
5971,1
5972,1
5973,1
5974,1
5975,0
5976,1
5977,0
5978,0
5979,0
59710,1
5981,0
5982,1
5983,0
5984,1
5985,1
5986,0
5987,0
5988,1
5989,0
59810,1
5991,0
5992,1
5993,0
5994,0
5995,0
5996,0
5997,1
5998,0
5999,0
59910,0
59101,0
59102,1
59103,0
59104,0
59105,0
59106,1
59107,1
59108,0
59109,0
591010,1
51011,0
51012,0
51013,0
51014,1
51015,0
51016,0
51017,0
51018,1
51019,1
510110,1
51021,0
51022,0
51023,1
51024,1
51025,0
51026,1
51027,1
51028,0
51029,0
510210,0
51031,0
51032,1
51033,0
51034,1
51035,0
51036,1
51037,1
51038,1
51039,1
510310,1
51041,0
51042,1
51043,0
51044,0
51045,1
51046,0
51047,1
51048,1
51049,1
510410,0
51051,1
51052,1
51053,0
51054,0
51055,1
51056,1
51057,0
51058,0
51059,1
510510,0
51061,0
51062,0
51063,0
51064,1
51065,0
51066,1
51067,1
51068,0
51069,0
510610,0
51071,0
51072,1
51073,1
51074,1
51075,1
51076,0
51077,1
51078,1
51079,0
510710,0
51081,1
51082,1
51083,1
51084,0
51085,0
51086,0
51087,1
51088,0
51089,1
510810,0
51091,0
51092,0
51093,0
51094,0
51095,0
51096,0
51097,0
51098,1
51099,0
510910,0
510101,1
510102,1
510103,1
510104,1
510105,0
510106,0
510107,1
510108,1
510109,1
5101010,0
6111,1
6112,0
6113,1
6114,1
6115,1
6116,1
6117,0
6118,1
6119,0
61110,1
6121,1
6122,0
6123,1
6124,1
6125,1
6126,0
6127,1
6128,1
6129,0
61210,0
6131,0
6132,0
6133,0
6134,1
6135,1
6136,1
6137,1
6138,0
6139,0
61310,1
6141,1
6142,1
6143,1
6144,1
6145,1
6146,1
6147,1
6148,0
6149,0
61410,0
6151,0
6152,0
6153,0
6154,1
6155,0
6156,0
6157,1
6158,1
6159,0
61510,1
6161,0
6162,0
6163,1
6164,1
6165,1
6166,1
6167,0
6168,1
6169,1
61610,1
6171,1
6172,0
6173,1
6174,0
6175,0
6176,0
6177,0
6178,1
6179,0
61710,1
6181,0
6182,0
6183,0
6184,0
6185,1
6186,1
6187,0
6188,1
6189,1
61810,1
6191,1
6192,1
6193,1
6194,0
6195,1
6196,0
6197,0
6198,0
6199,1
61910,0
61101,0
61102,0
61103,1
61104,0
61105,1
61106,0
61107,0
61108,1
61109,1
611010,1
6211,1
6212,0
6213,1
6214,1
6215,1
6216,1
6217,0
6218,0
6219,1
62110,0
6221,1
6222,1
6223,1
6224,1
6225,0
6226,0
6227,0
6228,1
6229,1
62210,0
6231,1
6232,1
6233,0
6234,0
6235,0
6236,0
6237,0
6238,0
6239,0
62310,0
6241,0
6242,1
6243,1
6244,1
6245,0
6246,1
6247,1
6248,1
6249,0
62410,1
6251,1
6252,0
6253,0
6254,0
6255,0
6256,1
6257,1
6258,1
6259,1
62510,1
6261,1
6262,0
6263,1
6264,0
6265,1
6266,0
6267,0
6268,1
6269,1
62610,0
6271,0
6272,1
6273,1
6274,1
6275,1
6276,0
6277,0
6278,1
6279,0
62710,1
6281,0
6282,0
6283,0
6284,0
6285,0
6286,1
6287,0
6288,0
6289,1
62810,1
6291,0
6292,0
6293,0
6294,0
6295,0
6296,1
6297,0
6298,1
6299,0
62910,1
62101,1
62102,0
62103,0
62104,0
62105,0
62106,1
62107,0
62108,1
62109,0
621010,0
6311,0
6312,0
6313,1
6314,0
6315,0
6316,0
6317,0
6318,0
6319,1
63110,0
6321,1
6322,1
6323,1
6324,0
6325,1
6326,0
6327,1
6328,1
6329,0
63210,0
6331,1
6332,1
6333,0
6334,0
6335,0
6336,0
6337,0
6338,1
6339,0
63310,0
6341,1
6342,1
6343,1
6344,1
6345,1
6346,0
6347,1
6348,1
6349,0
63410,1
6351,0
6352,1
6353,0
6354,1
6355,1
6356,1
6357,1
6358,1
6359,0
63510,1
6361,0
6362,1
6363,0
6364,1
6365,1
6366,1
6367,1
6368,1
6369,0
63610,1
6371,1
6372,0
6373,0
6374,1
6375,1
6376,0
6377,1
6378,0
6379,1
63710,0
6381,0
6382,1
6383,1
6384,0
6385,1
6386,1
6387,0
6388,1
6389,1
63810,0
6391,0
6392,0
6393,0
6394,0
6395,1
6396,0
6397,0
6398,0
6399,1
63910,0
63101,0
63102,1
63103,1
63104,1
63105,1
63106,1
63107,1
63108,1
63109,0
631010,0
6411,0
6412,0
6413,0
6414,1
6415,0
6416,0
6417,0
6418,1
6419,0
64110,1
6421,1
6422,0
6423,1
6424,0
6425,1
6426,0
6427,0
6428,1
6429,0
64210,1
6431,1
6432,0
6433,1
6434,0
6435,0
6436,0
6437,0
6438,1
6439,1
64310,0
6441,1
6442,1
6443,0
6444,0
6445,0
6446,0
6447,1
6448,1
6449,1
64410,0
6451,1
6452,0
6453,0
6454,0
6455,1
6456,1
6457,1
6458,1
6459,1
64510,1
6461,0
6462,0
6463,0
6464,1
6465,1
6466,1
6467,1
6468,1
6469,1
64610,0
6471,1
6472,1
6473,1
6474,0
6475,1
6476,1
6477,1
6478,1
6479,0
64710,1
6481,0
6482,0
6483,1
6484,1
6485,0
6486,1
6487,1
6488,0
6489,1
64810,0
6491,0
6492,0
6493,0
6494,0
6495,0
6496,0
6497,0
6498,1
6499,1
64910,1
64101,0
64102,0
64103,0
64104,1
64105,0
64106,1
64107,1
64108,0
64109,1
641010,1
6511,0
6512,1
6513,1
6514,1
6515,1
6516,1
6517,1
6518,0
6519,1
65110,1
6521,0
6522,1
6523,1
6524,1
6525,0
6526,0
6527,1
6528,1
6529,1
65210,0
6531,0
6532,1
6533,0
6534,1
6535,0
6536,0
6537,0
6538,1
6539,0
65310,0
6541,0
6542,0
6543,1
6544,0
6545,0
6546,0
6547,0
6548,1
6549,0
65410,1
6551,0
6552,0
6553,1
6554,0
6555,0
6556,1
6557,1
6558,1
6559,0
65510,1
6561,0
6562,1
6563,1
6564,1
6565,1
6566,1
6567,1
6568,1
6569,1
65610,0
6571,0
6572,1
6573,1
6574,0
6575,1
6576,1
6577,1
6578,1
6579,1
65710,0
6581,0
6582,1
6583,0
6584,1
6585,1
6586,1
6587,0
6588,0
6589,0
65810,1
6591,1
6592,1
6593,1
6594,0
6595,0
6596,0
6597,0
6598,0
6599,0
65910,0
65101,1
65102,1
65103,1
65104,0
65105,0
65106,0
65107,0
65108,0
65109,0
651010,0
6611,1
6612,0
6613,1
6614,1
6615,0
6616,1
6617,1
6618,0
6619,1
66110,0
6621,0
6622,1
6623,1
6624,0
6625,0
6626,0
6627,1
6628,0
6629,0
66210,1
6631,0
6632,0
6633,0
6634,0
6635,0
6636,0
6637,1
6638,1
6639,0
66310,1
6641,1
6642,0
6643,0
6644,0
6645,0
6646,0
6647,0
6648,1
6649,0
66410,1
6651,0
6652,0
6653,1
6654,0
6655,0
6656,0
6657,1
6658,0
6659,0
66510,0
6661,1
6662,1
6663,0
6664,1
6665,0
6666,1
6667,1
6668,1
6669,0
66610,1
6671,1
6672,1
6673,0
6674,1
6675,1
6676,1
6677,1
6678,0
6679,0
66710,1
6681,0
6682,1
6683,0
6684,1
6685,1
6686,1
6687,1
6688,1
6689,0
66810,1
6691,0
6692,1
6693,1
6694,1
6695,0
6696,1
6697,1
6698,0
6699,1
66910,0
66101,0
66102,1
66103,0
66104,1
66105,1
66106,0
66107,1
66108,1
66109,0
661010,0
6711,0
6712,1
6713,0
6714,1
6715,0
6716,0
6717,0
6718,0
6719,1
67110,0
6721,1
6722,0
6723,1
6724,1
6725,1
6726,1
6727,1
6728,0
6729,1
67210,0
6731,1
6732,1
6733,1
6734,0
6735,0
6736,0
6737,0
6738,0
6739,0
67310,1
6741,1
6742,0
6743,1
6744,0
6745,0
6746,0
6747,1
6748,0
6749,0
67410,1
6751,0
6752,1
6753,0
6754,0
6755,0
6756,0
6757,0
6758,0
6759,1
67510,1
6761,0
6762,0
6763,0
6764,0
6765,0
6766,1
6767,1
6768,1
6769,0
67610,1
6771,0
6772,1
6773,0
6774,1
6775,1
6776,1
6777,0
6778,1
6779,1
67710,0
6781,1
6782,0
6783,0
6784,0
6785,1
6786,1
6787,1
6788,1
6789,1
67810,0
6791,0
6792,1
6793,0
6794,1
6795,0
6796,1
6797,0
6798,0
6799,1
67910,0
67101,0
67102,1
67103,0
67104,0
67105,0
67106,0
67107,1
67108,0
67109,1
671010,0
6811,0
6812,0
6813,0
6814,1
6815,0
6816,0
6817,1
6818,0
6819,0
68110,1
6821,0
6822,0
6823,0
6824,1
6825,0
6826,0
6827,0
6828,0
6829,0
68210,1
6831,0
6832,0
6833,1
6834,1
6835,0
6836,0
6837,1
6838,0
6839,1
68310,0
6841,0
6842,1
6843,0
6844,0
6845,0
6846,0
6847,1
6848,1
6849,1
68410,1
6851,1
6852,0
6853,0
6854,0
6855,0
6856,0
6857,1
6858,1
6859,1
68510,1
6861,1
6862,1
6863,0
6864,0
6865,0
6866,0
6867,1
6868,1
6869,0
68610,0
6871,1
6872,0
6873,1
6874,0
6875,1
6876,1
6877,1
6878,1
6879,0
68710,1
6881,0
6882,1
6883,0
6884,1
6885,1
6886,0
6887,0
6888,0
6889,1
68810,0
6891,1
6892,1
6893,1
6894,1
6895,1
6896,1
6897,0
6898,0
6899,1
68910,1
68101,0
68102,1
68103,0
68104,1
68105,1
68106,1
68107,0
68108,1
68109,1
681010,1
6911,1
6912,0
6913,1
6914,1
6915,1
6916,0
6917,1
6918,1
6919,0
69110,0
6921,0
6922,0
6923,1
6924,1
6925,0
6926,0
6927,0
6928,0
6929,1
69210,1
6931,0
6932,0
6933,0
6934,0
6935,1
6936,1
6937,0
6938,0
6939,1
69310,1
6941,0
6942,1
6943,0
6944,0
6945,0
6946,1
6947,0
6948,1
6949,0
69410,1
6951,0
6952,1
6953,0
6954,0
6955,0
6956,1
6957,1
6958,0
6959,1
69510,0
6961,1
6962,1
6963,0
6964,0
6965,0
6966,1
6967,0
6968,0
6969,0
69610,0
6971,1
6972,0
6973,1
6974,0
6975,1
6976,0
6977,1
6978,1
6979,0
69710,0
6981,1
6982,1
6983,0
6984,1
6985,1
6986,0
6987,1
6988,1
6989,1
69810,1
6991,1
6992,0
6993,1
6994,0
6995,1
6996,0
6997,0
6998,1
6999,1
69910,0
69101,1
69102,1
69103,0
69104,1
69105,1
69106,0
69107,0
69108,1
69109,1
691010,0
61011,0
61012,0
61013,1
61014,0
61015,1
61016,0
61017,1
61018,0
61019,0
610110,0
61021,0
61022,1
61023,0
61024,0
61025,0
61026,1
61027,0
61028,1
61029,0
610210,1
61031,1
61032,1
61033,0
61034,0
61035,1
61036,1
61037,0
61038,0
61039,1
610310,0
61041,0
61042,1
61043,0
61044,0
61045,0
61046,0
61047,0
61048,0
61049,1
610410,1
61051,0
61052,1
61053,0
61054,1
61055,1
61056,1
61057,0
61058,1
61059,0
610510,0
61061,0
61062,0
61063,0
61064,0
61065,0
61066,0
61067,0
61068,0
61069,1
610610,1
61071,0
61072,1
61073,1
61074,0
61075,1
61076,1
61077,0
61078,0
61079,0
610710,1
61081,1
61082,1
61083,1
61084,1
61085,0
61086,1
61087,1
61088,1
61089,1
610810,0
61091,0
61092,1
61093,0
61094,1
61095,1
61096,0
61097,1
61098,0
61099,1
610910,0
610101,0
610102,1
610103,1
610104,1
610105,1
610106,1
610107,1
610108,1
610109,1
6101010,1
7111,1
7112,0
7113,0
7114,0
7115,1
7116,0
7117,1
7118,0
7119,1
71110,1
7121,0
7122,0
7123,1
7124,1
7125,1
7126,1
7127,0
7128,1
7129,0
71210,1
7131,0
7132,1
7133,1
7134,1
7135,0
7136,0
7137,1
7138,0
7139,0
71310,0
7141,1
7142,1
7143,0
7144,1
7145,1
7146,1
7147,0
7148,1
7149,1
71410,0
7151,1
7152,1
7153,0
7154,0
7155,0
7156,0
7157,0
7158,1
7159,0
71510,1
7161,0
7162,0
7163,1
7164,0
7165,0
7166,1
7167,1
7168,1
7169,0
71610,0
7171,0
7172,0
7173,0
7174,0
7175,0
7176,1
7177,1
7178,1
7179,1
71710,0
7181,0
7182,0
7183,0
7184,0
7185,1
7186,1
7187,1
7188,0
7189,1
71810,1
7191,1
7192,1
7193,1
7194,1
7195,0
7196,0
7197,0
7198,0
7199,1
71910,0
71101,0
71102,0
71103,1
71104,0
71105,1
71106,1
71107,1
71108,1
71109,0
711010,0
7211,0
7212,0
7213,0
7214,0
7215,1
7216,0
7217,1
7218,0
7219,1
72110,1
7221,1
7222,0
7223,1
7224,0
7225,1
7226,0
7227,1
7228,1
7229,1
72210,0
7231,1
7232,1
7233,1
7234,1
7235,1
7236,0
7237,0
7238,1
7239,0
72310,1
7241,1
7242,0
7243,0
7244,1
7245,0
7246,1
7247,1
7248,1
7249,1
72410,0
7251,0
7252,1
7253,0
7254,0
7255,0
7256,0
7257,1
7258,1
7259,1
72510,0
7261,0
7262,1
7263,1
7264,1
7265,0
7266,1
7267,0
7268,1
7269,0
72610,0
7271,0
7272,1
7273,1
7274,0
7275,0
7276,0
7277,0
7278,0
7279,0
72710,0
7281,0
7282,1
7283,0
7284,0
7285,1
7286,1
7287,1
7288,0
7289,1
72810,1
7291,0
7292,0
7293,0
7294,0
7295,0
7296,0
7297,0
7298,0
7299,1
72910,0
72101,1
72102,1
72103,0
72104,0
72105,1
72106,1
72107,1
72108,0
72109,0
721010,1
7311,0
7312,0
7313,1
7314,0
7315,1
7316,1
7317,0
7318,1
7319,1
73110,1
7321,1
7322,1
7323,0
7324,0
7325,0
7326,1
7327,1
7328,1
7329,1
73210,0
7331,1
7332,0
7333,0
7334,0
7335,1
7336,1
7337,1
7338,0
7339,0
73310,1
7341,0
7342,0
7343,0
7344,1
7345,0
7346,1
7347,1
7348,0
7349,0
73410,1
7351,1
7352,1
7353,1
7354,1
7355,1
7356,1
7357,1
7358,1
7359,1
73510,0
7361,1
7362,1
7363,0
7364,1
7365,1
7366,1
7367,1
7368,1
7369,0
73610,0
7371,0
7372,1
7373,1
7374,1
7375,1
7376,1
7377,1
7378,1
7379,0
73710,0
7381,0
7382,1
7383,1
7384,1
7385,0
7386,1
7387,1
7388,0
7389,0
73810,1
7391,1
7392,0
7393,0
7394,1
7395,1
7396,0
7397,1
7398,0
7399,0
73910,0
73101,0
73102,1
73103,0
73104,1
73105,1
73106,0
73107,1
73108,0
73109,0
731010,0
7411,1
7412,1
7413,1
7414,1
7415,0
7416,1
7417,1
7418,0
7419,1
74110,1
7421,1
7422,0
7423,0
7424,0
7425,1
7426,1
7427,1
7428,1
7429,0
74210,1
7431,1
7432,0
7433,0
7434,0
7435,1
7436,0
7437,1
7438,0
7439,1
74310,0
7441,1
7442,0
7443,1
7444,1
7445,0
7446,0
7447,1
7448,1
7449,0
74410,0
7451,1
7452,0
7453,0
7454,1
7455,1
7456,0
7457,1
7458,1
7459,1
74510,0
7461,0
7462,0
7463,0
7464,0
7465,0
7466,1
7467,1
7468,1
7469,1
74610,0
7471,1
7472,0
7473,1
7474,1
7475,0
7476,1
7477,0
7478,0
7479,0
74710,0
7481,0
7482,0
7483,1
7484,1
7485,1
7486,1
7487,1
7488,0
7489,0
74810,1
7491,1
7492,1
7493,1
7494,0
7495,0
7496,0
7497,0
7498,0
7499,0
74910,1
74101,1
74102,1
74103,0
74104,0
74105,1
74106,1
74107,1
74108,0
74109,1
741010,0
7511,0
7512,0
7513,0
7514,0
7515,1
7516,0
7517,0
7518,1
7519,1
75110,0
7521,1
7522,1
7523,0
7524,1
7525,1
7526,1
7527,1
7528,1
7529,1
75210,0
7531,1
7532,0
7533,0
7534,1
7535,0
7536,0
7537,0
7538,1
7539,0
75310,0
7541,0
7542,0
7543,0
7544,1
7545,0
7546,0
7547,0
7548,0
7549,1
75410,0
7551,1
7552,1
7553,1
7554,1
7555,0
7556,1
7557,1
7558,1
7559,0
75510,0
7561,0
7562,1
7563,0
7564,1
7565,1
7566,1
7567,1
7568,1
7569,1
75610,0
7571,0
7572,1
7573,1
7574,0
7575,1
7576,1
7577,1
7578,1
7579,0
75710,1
7581,1
7582,1
7583,0
7584,0
7585,1
7586,1
7587,0
7588,0
7589,1
75810,1
7591,1
7592,1
7593,0
7594,0
7595,0
7596,1
7597,1
7598,0
7599,0
75910,0
75101,0
75102,0
75103,1
75104,0
75105,0
75106,0
75107,0
75108,1
75109,1
751010,1
7611,1
7612,0
7613,0
7614,0
7615,0
7616,1
7617,1
7618,1
7619,1
76110,1
7621,1
7622,0
7623,0
7624,1
7625,0
7626,0
7627,0
7628,1
7629,1
76210,1
7631,0
7632,1
7633,0
7634,1
7635,0
7636,0
7637,1
7638,0
7639,0
76310,1
7641,1
7642,1
7643,1
7644,0
7645,0
7646,0
7647,0
7648,0
7649,0
76410,1
7651,0
7652,1
7653,0
7654,0
7655,1
7656,1
7657,1
7658,1
7659,1
76510,1
7661,1
7662,0
7663,1
7664,0
7665,1
7666,1
7667,1
7668,1
7669,1
76610,0
7671,0
7672,0
7673,1
7674,1
7675,1
7676,1
7677,1
7678,1
7679,0
76710,0
7681,1
7682,1
7683,1
7684,0
7685,1
7686,0
7687,1
7688,0
7689,0
76810,0
7691,1
7692,1
7693,1
7694,1
7695,0
7696,1
7697,0
7698,1
7699,0
76910,1
76101,1
76102,0
76103,0
76104,0
76105,0
76106,0
76107,0
76108,0
76109,1
761010,1
7711,1
7712,0
7713,0
7714,0
7715,0
7716,1
7717,0
7718,0
7719,1
77110,0
7721,0
7722,1
7723,0
7724,1
7725,1
7726,1
7727,0
7728,1
7729,0
77210,1
7731,1
7732,0
7733,1
7734,0
7735,0
7736,0
7737,0
7738,0
7739,0
77310,1
7741,1
7742,1
7743,0
7744,0
7745,0
7746,0
7747,0
7748,0
7749,0
77410,0
7751,0
7752,1
7753,0
7754,0
7755,1
7756,0
7757,1
7758,1
7759,0
77510,0
7761,1
7762,0
7763,0
7764,0
7765,1
7766,1
7767,1
7768,0
7769,1
77610,0
7771,0
7772,1
7773,1
7774,0
7775,1
7776,1
7777,1
7778,1
7779,0
77710,1
7781,1
7782,1
7783,0
7784,0
7785,1
7786,1
7787,1
7788,1
7789,0
77810,0
7791,1
7792,1
7793,1
7794,0
7795,1
7796,0
7797,0
7798,0
7799,0
77910,0
77101,0
77102,0
77103,1
77104,0
77105,0
77106,0
77107,0
77108,0
77109,0
771010,0
7811,0
7812,0
7813,0
7814,0
7815,1
7816,1
7817,1
7818,0
7819,0
78110,0
7821,0
7822,1
7823,0
7824,1
7825,0
7826,1
7827,0
7828,0
7829,0
78210,1
7831,0
7832,0
7833,1
7834,0
7835,0
7836,1
7837,1
7838,1
7839,0
78310,1
7841,1
7842,0
7843,0
7844,0
7845,0
7846,0
7847,1
7848,0
7849,0
78410,0
7851,1
7852,0
7853,0
7854,0
7855,0
7856,0
7857,1
7858,0
7859,1
78510,0
7861,0
7862,0
7863,0
7864,0
7865,1
7866,1
7867,1
7868,1
7869,0
78610,1
7871,0
7872,1
7873,1
7874,1
7875,1
7876,1
7877,1
7878,0
7879,1
78710,0
7881,0
7882,0
7883,1
7884,0
7885,1
7886,0
7887,1
7888,0
7889,0
78810,0
7891,1
7892,1
7893,0
7894,0
7895,1
7896,0
7897,0
7898,1
7899,0
78910,1
78101,0
78102,0
78103,1
78104,0
78105,0
78106,1
78107,0
78108,1
78109,1
781010,1
7911,1
7912,1
7913,1
7914,1
7915,0
7916,0
7917,0
7918,1
7919,0
79110,1
7921,1
7922,1
7923,1
7924,1
7925,0
7926,0
7927,0
7928,0
7929,1
79210,0
7931,0
7932,0
7933,1
7934,1
7935,0
7936,0
7937,1
7938,0
7939,0
79310,0
7941,0
7942,1
7943,1
7944,0
7945,0
7946,0
7947,0
7948,0
7949,1
79410,1
7951,1
7952,1
7953,0
7954,0
7955,0
7956,0
7957,1
7958,0
7959,0
79510,1
7961,0
7962,0
7963,0
7964,0
7965,1
7966,0
7967,1
7968,1
7969,1
79610,1
7971,1
7972,0
7973,1
7974,0
7975,0
7976,1
7977,0
7978,0
7979,1
79710,1
7981,1
7982,0
7983,1
7984,1
7985,1
7986,1
7987,1
7988,1
7989,1
79810,1
7991,0
7992,0
7993,1
7994,0
7995,0
7996,0
7997,1
7998,1
7999,0
79910,1
79101,0
79102,1
79103,1
79104,1
79105,1
79106,0
79107,0
79108,1
79109,1
791010,0
71011,1
71012,1
71013,1
71014,0
71015,0
71016,0
71017,1
71018,0
71019,1
710110,1
71021,0
71022,1
71023,1
71024,1
71025,0
71026,0
71027,0
71028,0
71029,1
710210,0
71031,0
71032,0
71033,0
71034,0
71035,1
71036,0
71037,0
71038,0
71039,1
710310,0
71041,0
71042,1
71043,0
71044,0
71045,0
71046,1
71047,0
71048,1
71049,0
710410,1
71051,1
71052,1
71053,0
71054,0
71055,0
71056,1
71057,0
71058,0
71059,1
710510,1
71061,0
71062,0
71063,0
71064,0
71065,0
71066,1
71067,1
71068,0
71069,1
710610,0
71071,1
71072,1
71073,1
71074,1
71075,1
71076,1
71077,0
71078,1
71079,1
710710,0
71081,1
71082,1
71083,1
71084,1
71085,1
71086,1
71087,1
71088,0
71089,0
710810,0
71091,1
71092,1
71093,0
71094,1
71095,1
71096,0
71097,0
71098,1
71099,1
710910,1
710101,0
710102,0
710103,0
710104,0
710105,1
710106,0
710107,1
710108,1
710109,1
7101010,0
8111,1
8112,1
8113,0
8114,0
8115,0
8116,0
8117,0
8118,1
8119,1
81110,0
8121,1
8122,1
8123,1
8124,1
8125,0
8126,0
8127,0
8128,0
8129,0
81210,0
8131,0
8132,0
8133,0
8134,1
8135,0
8136,0
8137,0
8138,0
8139,1
81310,0
8141,1
8142,1
8143,1
8144,1
8145,0
8146,1
8147,0
8148,0
8149,0
81410,1
8151,0
8152,0
8153,1
8154,0
8155,0
8156,1
8157,0
8158,1
8159,1
81510,0
8161,0
8162,1
8163,0
8164,0
8165,1
8166,0
8167,0
8168,1
8169,1
81610,1
8171,1
8172,1
8173,0
8174,0
8175,1
8176,0
8177,0
8178,1
8179,1
81710,1
8181,0
8182,1
8183,1
8184,1
8185,1
8186,0
8187,0
8188,0
8189,1
81810,1
8191,1
8192,0
8193,1
8194,1
8195,0
8196,1
8197,0
8198,1
8199,0
81910,0
81101,0
81102,1
81103,0
81104,0
81105,0
81106,1
81107,1
81108,1
81109,0
811010,0
8211,0
8212,0
8213,1
8214,1
8215,0
8216,1
8217,0
8218,1
8219,1
82110,0
8221,1
8222,0
8223,0
8224,0
8225,0
8226,0
8227,0
8228,1
8229,0
82210,0
8231,1
8232,0
8233,0
8234,1
8235,0
8236,1
8237,1
8238,1
8239,1
82310,0
8241,1
8242,1
8243,1
8244,0
8245,0
8246,0
8247,0
8248,0
8249,0
82410,1
8251,1
8252,1
8253,0
8254,0
8255,1
8256,0
8257,1
8258,1
8259,0
82510,1
8261,1
8262,1
8263,1
8264,0
8265,0
8266,0
8267,1
8268,1
8269,0
82610,1
8271,1
8272,1
8273,1
8274,1
8275,1
8276,0
8277,1
8278,1
8279,0
82710,1
8281,1
8282,0
8283,1
8284,0
8285,1
8286,1
8287,1
8288,1
8289,0
82810,1
8291,0
8292,0
8293,0
8294,1
8295,1
8296,1
8297,1
8298,1
8299,1
82910,0
82101,0
82102,1
82103,0
82104,0
82105,0
82106,0
82107,1
82108,0
82109,1
821010,0
8311,0
8312,0
8313,1
8314,1
8315,0
8316,0
8317,0
8318,0
8319,1
83110,1
8321,0
8322,1
8323,1
8324,1
8325,1
8326,1
8327,1
8328,0
8329,0
83210,0
8331,0
8332,0
8333,0
8334,0
8335,1
8336,0
8337,0
8338,1
8339,0
83310,1
8341,1
8342,0
8343,0
8344,0
8345,1
8346,1
8347,0
8348,0
8349,0
83410,0
8351,0
8352,0
8353,0
8354,0
8355,1
8356,1
8357,1
8358,1
8359,1
83510,1
8361,1
8362,1
8363,0
8364,1
8365,0
8366,1
8367,1
8368,1
8369,1
83610,0
8371,1
8372,1
8373,1
8374,1
8375,1
8376,0
8377,0
8378,0
8379,1
83710,0
8381,0
8382,1
8383,1
8384,1
8385,0
8386,0
8387,1
8388,0
8389,0
83810,1
8391,0
8392,0
8393,0
8394,1
8395,1
8396,0
8397,0
8398,1
8399,0
83910,0
83101,1
83102,0
83103,1
83104,0
83105,1
83106,1
83107,0
83108,1
83109,1
831010,1
8411,0
8412,1
8413,0
8414,1
8415,0
8416,0
8417,0
8418,1
8419,0
84110,1
8421,0
8422,0
8423,1
8424,1
8425,0
8426,1
8427,0
8428,1
8429,1
84210,1
8431,1
8432,0
8433,0
8434,1
8435,0
8436,1
8437,1
8438,0
8439,0
84310,1
8441,1
8442,0
8443,1
8444,1
8445,0
8446,0
8447,0
8448,0
8449,1
84410,0
8451,1
8452,1
8453,1
8454,1
8455,1
8456,1
8457,1
8458,1
8459,1
84510,0
8461,0
8462,0
8463,0
8464,0
8465,0
8466,1
8467,1
8468,1
8469,1
84610,1
8471,0
8472,0
8473,0
8474,1
8475,0
8476,0
8477,1
8478,1
8479,1
84710,1
8481,0
8482,1
8483,1
8484,1
8485,0
8486,0
8487,1
8488,1
8489,1
84810,0
8491,0
8492,1
8493,0
8494,0
8495,0
8496,1
8497,0
8498,0
8499,0
84910,1
84101,0
84102,1
84103,1
84104,0
84105,1
84106,1
84107,0
84108,0
84109,0
841010,0
8511,1
8512,1
8513,0
8514,0
8515,0
8516,1
8517,0
8518,0
8519,0
85110,0
8521,1
8522,0
8523,1
8524,1
8525,1
8526,1
8527,0
8528,0
8529,0
85210,1
8531,0
8532,1
8533,0
8534,1
8535,0
8536,0
8537,1
8538,1
8539,1
85310,1
8541,1
8542,1
8543,0
8544,1
8545,0
8546,0
8547,0
8548,0
8549,0
85410,0
8551,0
8552,1
8553,1
8554,1
8555,1
8556,1
8557,1
8558,1
8559,0
85510,1
8561,0
8562,1
8563,0
8564,1
8565,1
8566,1
8567,1
8568,1
8569,0
85610,0
8571,1
8572,0
8573,0
8574,1
8575,1
8576,1
8577,1
8578,0
8579,1
85710,1
8581,1
8582,0
8583,0
8584,0
8585,1
8586,1
8587,0
8588,0
8589,1
85810,1
8591,0
8592,0
8593,1
8594,1
8595,0
8596,1
8597,0
8598,0
8599,1
85910,0
85101,1
85102,0
85103,0
85104,1
85105,0
85106,0
85107,0
85108,0
85109,0
851010,0
8611,0
8612,1
8613,1
8614,0
8615,0
8616,0
8617,1
8618,1
8619,0
86110,1
8621,0
8622,1
8623,0
8624,1
8625,1
8626,1
8627,0
8628,1
8629,1
86210,1
8631,1
8632,0
8633,0
8634,1
8635,1
8636,0
8637,0
8638,0
8639,1
86310,0
8641,1
8642,0
8643,0
8644,0
8645,0
8646,0
8647,0
8648,1
8649,0
86410,1
8651,0
8652,0
8653,0
8654,1
8655,0
8656,1
8657,0
8658,1
8659,1
86510,1
8661,1
8662,1
8663,0
8664,1
8665,1
8666,1
8667,1
8668,1
8669,1
86610,1
8671,1
8672,1
8673,1
8674,1
8675,1
8676,1
8677,1
8678,0
8679,0
86710,0
8681,0
8682,1
8683,1
8684,0
8685,1
8686,1
8687,0
8688,0
8689,0
86810,1
8691,1
8692,1
8693,1
8694,1
8695,1
8696,1
8697,0
8698,0
8699,0
86910,1
86101,0
86102,0
86103,1
86104,1
86105,0
86106,0
86107,0
86108,0
86109,0
861010,0
8711,0
8712,0
8713,0
8714,1
8715,0
8716,0
8717,0
8718,0
8719,0
87110,1
8721,1
8722,1
8723,1
8724,1
8725,0
8726,0
8727,0
8728,1
8729,0
87210,0
8731,1
8732,1
8733,1
8734,0
8735,0
8736,0
8737,0
8738,1
8739,1
87310,0
8741,1
8742,0
8743,0
8744,0
8745,0
8746,0
8747,0
8748,0
8749,1
87410,1
8751,0
8752,0
8753,1
8754,0
8755,0
8756,0
8757,1
8758,0
8759,1
87510,0
8761,1
8762,1
8763,0
8764,1
8765,1
8766,1
8767,1
8768,1
8769,1
87610,0
8771,1
8772,0
8773,1
8774,1
8775,1
8776,1
8777,1
8778,1
8779,0
87710,1
8781,0
8782,1
8783,0
8784,0
8785,1
8786,1
8787,0
8788,1
8789,0
87810,1
8791,0
8792,0
8793,0
8794,1
8795,1
8796,0
8797,0
8798,1
8799,0
87910,1
87101,1
87102,0
87103,1
87104,0
87105,1
87106,1
87107,1
87108,1
87109,0
871010,0
8811,1
8812,0
8813,0
8814,0
8815,0
8816,0
8817,1
8818,0
8819,1
88110,0
8821,1
8822,1
8823,1
8824,1
8825,1
8826,1
8827,0
8828,1
8829,1
88210,0
8831,0
8832,1
8833,1
8834,1
8835,0
8836,0
8837,0
8838,1
8839,1
88310,0
8841,0
8842,1
8843,0
8844,0
8845,0
8846,0
8847,1
8848,1
8849,0
88410,0
8851,1
8852,0
8853,0
8854,0
8855,0
8856,1
8857,1
8858,1
8859,1
88510,1
8861,1
8862,1
8863,0
8864,0
8865,1
8866,1
8867,1
8868,1
8869,1
88610,1
8871,1
8872,0
8873,0
8874,1
8875,1
8876,1
8877,1
8878,1
8879,1
88710,1
8881,1
8882,0
8883,0
8884,1
8885,1
8886,1
8887,0
8888,1
8889,1
88810,0
8891,1
8892,1
8893,0
8894,1
8895,1
8896,0
8897,0
8898,1
8899,0
88910,1
88101,0
88102,1
88103,1
88104,0
88105,1
88106,0
88107,1
88108,0
88109,1
881010,0
8911,0
8912,0
8913,1
8914,1
8915,0
8916,0
8917,0
8918,0
8919,1
89110,1
8921,1
8922,0
8923,0
8924,1
8925,0
8926,1
8927,0
8928,0
8929,1
89210,0
8931,0
8932,1
8933,1
8934,0
8935,0
8936,0
8937,1
8938,0
8939,1
89310,1
8941,0
8942,0
8943,0
8944,0
8945,0
8946,0
8947,0
8948,1
8949,1
89410,1
8951,0
8952,0
8953,0
8954,0
8955,0
8956,0
8957,1
8958,0
8959,1
89510,1
8961,1
8962,1
8963,0
8964,0
8965,0
8966,1
8967,1
8968,1
8969,0
89610,0
8971,0
8972,0
8973,0
8974,1
8975,1
8976,1
8977,1
8978,1
8979,0
89710,0
8981,1
8982,1
8983,0
8984,0
8985,1
8986,1
8987,1
8988,1
8989,0
89810,1
8991,1
8992,0
8993,1
8994,1
8995,1
8996,0
8997,1
8998,0
8999,1
89910,0
89101,0
89102,0
89103,0
89104,1
89105,0
89106,1
89107,0
89108,0
89109,1
891010,0
81011,0
81012,1
81013,0
81014,1
81015,0
81016,0
81017,0
81018,1
81019,1
810110,1
81021,1
81022,0
81023,0
81024,1
81025,0
81026,1
81027,0
81028,0
81029,0
810210,0
81031,1
81032,0
81033,0
81034,0
81035,1
81036,0
81037,0
81038,0
81039,1
810310,1
81041,0
81042,1
81043,0
81044,0
81045,0
81046,1
81047,0
81048,0
81049,1
810410,0
81051,1
81052,1
81053,0
81054,0
81055,0
81056,0
81057,1
81058,0
81059,0
810510,1
81061,0
81062,0
81063,0
81064,0
81065,0
81066,0
81067,0
81068,0
81069,1
810610,0
81071,0
81072,0
81073,0
81074,0
81075,1
81076,0
81077,0
81078,1
81079,0
810710,1
81081,1
81082,0
81083,1
81084,1
81085,1
81086,1
81087,0
81088,0
81089,0
810810,0
81091,1
81092,1
81093,0
81094,1
81095,0
81096,0
81097,1
81098,1
81099,1
810910,1
810101,1
810102,1
810103,0
810104,1
810105,1
810106,0
810107,1
810108,0
810109,1
8101010,0
9111,1
9112,0
9113,1
9114,0
9115,1
9116,1
9117,1
9118,0
9119,0
91110,0
9121,1
9122,1
9123,0
9124,0
9125,1
9126,0
9127,1
9128,0
9129,0
91210,1
9131,1
9132,0
9133,0
9134,1
9135,0
9136,1
9137,0
9138,0
9139,1
91310,0
9141,0
9142,0
9143,0
9144,0
9145,1
9146,1
9147,0
9148,0
9149,0
91410,1
9151,0
9152,1
9153,0
9154,0
9155,1
9156,1
9157,0
9158,1
9159,0
91510,1
9161,0
9162,0
9163,1
9164,1
9165,1
9166,0
9167,0
9168,0
9169,0
91610,0
9171,1
9172,0
9173,1
9174,0
9175,1
9176,1
9177,1
9178,1
9179,0
91710,1
9181,0
9182,0
9183,0
9184,0
9185,1
9186,0
9187,0
9188,1
9189,0
91810,0
9191,0
9192,0
9193,1
9194,1
9195,0
9196,0
9197,1
9198,0
9199,0
91910,1
91101,1
91102,0
91103,0
91104,0
91105,0
91106,0
91107,0
91108,0
91109,1
911010,1
9211,0
9212,1
9213,1
9214,0
9215,1
9216,0
9217,1
9218,1
9219,1
92110,1
9221,1
9222,0
9223,0
9224,1
9225,0
9226,1
9227,1
9228,1
9229,1
92210,0
9231,1
9232,0
9233,0
9234,0
9235,0
9236,0
9237,0
9238,1
9239,0
92310,1
9241,1
9242,0
9243,0
9244,0
9245,0
9246,0
9247,1
9248,0
9249,0
92410,0
9251,1
9252,0
9253,0
9254,0
9255,0
9256,0
9257,0
9258,1
9259,0
92510,1
9261,1
9262,0
9263,1
9264,0
9265,1
9266,1
9267,0
9268,0
9269,1
92610,1
9271,0
9272,1
9273,0
9274,0
9275,1
9276,0
9277,0
9278,0
9279,1
92710,1
9281,1
9282,1
9283,0
9284,0
9285,0
9286,0
9287,0
9288,1
9289,1
92810,1
9291,1
9292,0
9293,1
9294,1
9295,1
9296,0
9297,0
9298,0
9299,1
92910,0
92101,1
92102,1
92103,1
92104,1
92105,1
92106,0
92107,1
92108,1
92109,1
921010,1
9311,1
9312,1
9313,1
9314,1
9315,1
9316,1
9317,0
9318,0
9319,0
93110,1
9321,1
9322,1
9323,1
9324,1
9325,1
9326,1
9327,1
9328,0
9329,0
93210,0
9331,1
9332,0
9333,0
9334,1
9335,0
9336,0
9337,1
9338,0
9339,0
93310,0
9341,0
9342,1
9343,0
9344,0
9345,1
9346,1
9347,1
9348,1
9349,0
93410,1
9351,0
9352,1
9353,1
9354,1
9355,0
9356,1
9357,1
9358,1
9359,1
93510,0
9361,0
9362,0
9363,0
9364,0
9365,0
9366,0
9367,0
9368,1
9369,0
93610,0
9371,0
9372,1
9373,1
9374,0
9375,1
9376,0
9377,1
9378,1
9379,0
93710,1
9381,0
9382,0
9383,0
9384,0
9385,1
9386,0
9387,1
9388,0
9389,1
93810,1
9391,0
9392,0
9393,1
9394,1
9395,0
9396,1
9397,1
9398,1
9399,1
93910,0
93101,0
93102,1
93103,0
93104,0
93105,1
93106,0
93107,1
93108,0
93109,1
931010,1
9411,1
9412,1
9413,1
9414,0
9415,1
9416,0
9417,0
9418,1
9419,1
94110,0
9421,1
9422,1
9423,1
9424,0
9425,1
9426,1
9427,0
9428,1
9429,0
94210,1
9431,0
9432,1
9433,0
9434,1
9435,0
9436,0
9437,0
9438,0
9439,0
94310,0
9441,1
9442,0
9443,1
9444,0
9445,1
9446,1
9447,1
9448,0
9449,0
94410,0
9451,0
9452,1
9453,0
9454,0
9455,0
9456,1
9457,1
9458,1
9459,1
94510,0
9461,1
9462,0
9463,1
9464,0
9465,0
9466,0
9467,0
9468,0
9469,1
94610,1
9471,0
9472,0
9473,0
9474,0
9475,1
9476,0
9477,1
9478,0
9479,0
94710,1
9481,1
9482,1
9483,1
9484,0
9485,1
9486,0
9487,0
9488,1
9489,1
94810,0
9491,1
9492,1
9493,1
9494,0
9495,0
9496,1
9497,0
9498,0
9499,0
94910,1
94101,1
94102,0
94103,0
94104,0
94105,1
94106,0
94107,0
94108,0
94109,0
941010,1
9511,0
9512,0
9513,0
9514,1
9515,1
9516,1
9517,0
9518,0
9519,1
95110,1
9521,0
9522,0
9523,1
9524,1
9525,1
9526,1
9527,1
9528,1
9529,0
95210,1
9531,1
9532,0
9533,0
9534,0
9535,0
9536,0
9537,0
9538,1
9539,0
95310,1
9541,1
9542,1
9543,0
9544,0
9545,0
9546,0
9547,1
9548,1
9549,1
95410,0
9551,1
9552,0
9553,1
9554,1
9555,1
9556,1
9557,1
9558,1
9559,1
95510,0
9561,0
9562,1
9563,0
9564,1
9565,1
9566,1
9567,0
9568,1
9569,0
95610,0
9571,0
9572,1
9573,0
9574,1
9575,0
9576,0
9577,0
9578,0
9579,1
95710,0
9581,1
9582,0
9583,1
9584,0
9585,1
9586,1
9587,1
9588,1
9589,0
95810,0
9591,0
9592,1
9593,0
9594,1
9595,0
9596,0
9597,1
9598,1
9599,1
95910,1
95101,0
95102,0
95103,1
95104,0
95105,1
95106,1
95107,0
95108,1
95109,0
951010,0
9611,1
9612,1
9613,0
9614,0
9615,0
9616,0
9617,0
9618,1
9619,1
96110,0
9621,0
9622,1
9623,1
9624,1
9625,1
9626,1
9627,0
9628,1
9629,1
96210,0
9631,1
9632,0
9633,1
9634,1
9635,0
9636,0
9637,0
9638,1
9639,0
96310,0
9641,1
9642,1
9643,0
9644,1
9645,1
9646,0
9647,0
9648,0
9649,0
96410,1
9651,1
9652,1
9653,1
9654,0
9655,1
9656,1
9657,1
9658,1
9659,1
96510,0
9661,0
9662,0
9663,1
9664,1
9665,1
9666,1
9667,0
9668,0
9669,0
96610,1
9671,1
9672,0
9673,0
9674,1
9675,1
9676,1
9677,1
9678,1
9679,1
96710,0
9681,0
9682,1
9683,1
9684,1
9685,0
9686,1
9687,1
9688,0
9689,1
96810,0
9691,0
9692,1
9693,1
9694,1
9695,0
9696,1
9697,1
9698,1
9699,1
96910,0
96101,1
96102,1
96103,1
96104,1
96105,0
96106,1
96107,0
96108,0
96109,0
961010,1
9711,1
9712,1
9713,1
9714,0
9715,1
9716,0
9717,1
9718,0
9719,1
97110,1
9721,0
9722,1
9723,0
9724,0
9725,1
9726,0
9727,1
9728,1
9729,1
97210,1
9731,0
9732,1
9733,1
9734,1
9735,0
9736,0
9737,1
9738,0
9739,0
97310,1
9741,1
9742,1
9743,1
9744,1
9745,0
9746,0
9747,0
9748,1
9749,0
97410,0
9751,1
9752,0
9753,0
9754,0
9755,0
9756,1
9757,1
9758,0
9759,0
97510,0
9761,1
9762,1
9763,1
9764,0
9765,0
9766,1
9767,1
9768,0
9769,1
97610,1
9771,0
9772,1
9773,1
9774,0
9775,1
9776,1
9777,1
9778,0
9779,0
97710,0
9781,1
9782,1
9783,0
9784,1
9785,0
9786,0
9787,1
9788,0
9789,1
97810,0
9791,1
9792,0
9793,0
9794,1
9795,1
9796,1
9797,0
9798,0
9799,0
97910,0
97101,0
97102,0
97103,0
97104,1
97105,0
97106,1
97107,1
97108,1
97109,0
971010,0
9811,0
9812,0
9813,1
9814,1
9815,0
9816,0
9817,0
9818,1
9819,0
98110,0
9821,0
9822,0
9823,1
9824,1
9825,0
9826,1
9827,1
9828,1
9829,0
98210,1
9831,1
9832,1
9833,0
9834,0
9835,0
9836,0
9837,0
9838,0
9839,0
98310,1
9841,0
9842,1
9843,1
9844,0
9845,0
9846,0
9847,1
9848,0
9849,0
98410,1
9851,0
9852,1
9853,1
9854,0
9855,0
9856,1
9857,1
9858,1
9859,0
98510,0
9861,1
9862,1
9863,1
9864,0
9865,1
9866,1
9867,1
9868,1
9869,0
98610,1
9871,1
9872,1
9873,0
9874,0
9875,1
9876,1
9877,1
9878,1
9879,1
98710,1
9881,1
9882,1
9883,1
9884,1
9885,1
9886,1
9887,0
9888,0
9889,0
98810,1
9891,1
9892,1
9893,1
9894,1
9895,0
9896,1
9897,0
9898,1
9899,1
98910,0
98101,0
98102,0
98103,1
98104,1
98105,0
98106,1
98107,0
98108,1
98109,1
981010,0
9911,1
9912,1
9913,1
9914,1
9915,1
9916,0
9917,1
9918,1
9919,0
99110,0
9921,0
9922,0
9923,0
9924,1
9925,1
9926,0
9927,0
9928,0
9929,0
99210,1
9931,1
9932,1
9933,1
9934,1
9935,1
9936,1
9937,1
9938,0
9939,1
99310,1
9941,1
9942,0
9943,0
9944,0
9945,0
9946,0
9947,0
9948,0
9949,1
99410,0
9951,1
9952,1
9953,1
9954,0
9955,0
9956,0
9957,1
9958,0
9959,1
99510,1
9961,0
9962,1
9963,0
9964,0
9965,0
9966,0
9967,1
9968,0
9969,1
99610,1
9971,0
9972,0
9973,0
9974,0
9975,1
9976,1
9977,1
9978,1
9979,1
99710,1
9981,0
9982,1
9983,1
9984,1
9985,1
9986,1
9987,1
9988,0
9989,0
99810,0
9991,0
9992,0
9993,1
9994,1
9995,0
9996,0
9997,0
9998,1
9999,0
99910,1
99101,0
99102,1
99103,0
99104,1
99105,0
99106,0
99107,0
99108,0
99109,0
991010,1
91011,0
91012,1
91013,0
91014,1
91015,1
91016,1
91017,0
91018,0
91019,1
910110,1
91021,0
91022,1
91023,1
91024,1
91025,0
91026,0
91027,1
91028,1
91029,1
910210,1
91031,0
91032,0
91033,1
91034,0
91035,0
91036,1
91037,0
91038,1
91039,0
910310,0
91041,0
91042,1
91043,0
91044,0
91045,0
91046,0
91047,0
91048,0
91049,0
910410,0
91051,1
91052,1
91053,0
91054,0
91055,0
91056,0
91057,0
91058,0
91059,0
910510,0
91061,1
91062,0
91063,1
91064,1
91065,0
91066,0
91067,0
91068,0
91069,1
910610,1
91071,1
91072,1
91073,1
91074,1
91075,1
91076,1
91077,0
91078,0
91079,0
910710,0
91081,1
91082,0
91083,1
91084,0
91085,0
91086,0
91087,0
91088,1
91089,0
910810,0
91091,1
91092,0
91093,0
91094,0
91095,0
91096,1
91097,1
91098,0
91099,0
910910,1
910101,1
910102,0
910103,1
910104,0
910105,0
910106,1
910107,1
910108,1
910109,0
9101010,1
10111,1
10112,0
10113,0
10114,1
10115,0
10116,1
10117,1
10118,1
10119,0
101110,1
10121,0
10122,1
10123,0
10124,0
10125,1
10126,0
10127,0
10128,0
10129,1
101210,1
10131,0
10132,0
10133,1
10134,1
10135,0
10136,1
10137,1
10138,1
10139,0
101310,1
10141,1
10142,0
10143,1
10144,0
10145,0
10146,1
10147,1
10148,1
10149,1
101410,0
10151,0
10152,0
10153,1
10154,1
10155,1
10156,1
10157,0
10158,1
10159,0
101510,0
10161,1
10162,0
10163,1
10164,1
10165,0
10166,1
10167,0
10168,0
10169,0
101610,1
10171,1
10172,0
10173,1
10174,0
10175,0
10176,0
10177,0
10178,0
10179,1
101710,0
10181,0
10182,0
10183,1
10184,0
10185,1
10186,1
10187,1
10188,1
10189,1
101810,1
10191,0
10192,1
10193,0
10194,1
10195,1
10196,0
10197,0
10198,0
10199,0
101910,1
101101,0
101102,1
101103,1
101104,1
101105,0
101106,0
101107,0
101108,1
101109,0
1011010,0
10211,1
10212,1
10213,0
10214,0
10215,1
10216,0
10217,0
10218,0
10219,0
102110,1
10221,0
10222,0
10223,1
10224,1
10225,1
10226,1
10227,1
10228,1
10229,1
102210,1
10231,1
10232,0
10233,0
10234,0
10235,0
10236,0
10237,1
10238,1
10239,1
102310,1
10241,1
10242,1
10243,1
10244,1
10245,0
10246,0
10247,1
10248,1
10249,1
102410,0
10251,1
10252,0
10253,1
10254,0
10255,0
10256,1
10257,0
10258,0
10259,0
102510,0
10261,1
10262,0
10263,0
10264,1
10265,0
10266,1
10267,0
10268,1
10269,1
102610,0
10271,1
10272,0
10273,0
10274,1
10275,1
10276,0
10277,0
10278,1
10279,0
102710,0
10281,1
10282,1
10283,0
10284,0
10285,1
10286,0
10287,0
10288,0
10289,1
102810,1
10291,1
10292,0
10293,1
10294,1
10295,1
10296,1
10297,0
10298,1
10299,0
102910,0
102101,0
102102,1
102103,1
102104,0
102105,0
102106,0
102107,1
102108,1
102109,0
1021010,0
10311,1
10312,0
10313,0
10314,1
10315,1
10316,1
10317,1
10318,0
10319,1
103110,1
10321,0
10322,0
10323,1
10324,0
10325,0
10326,1
10327,1
10328,1
10329,1
103210,1
10331,1
10332,1
10333,1
10334,1
10335,0
10336,1
10337,0
10338,0
10339,1
103310,1
10341,0
10342,1
10343,1
10344,1
10345,1
10346,1
10347,1
10348,0
10349,1
103410,0
10351,1
10352,1
10353,1
10354,0
10355,1
10356,0
10357,1
10358,1
10359,1
103510,0
10361,0
10362,0
10363,1
10364,1
10365,0
10366,0
10367,0
10368,1
10369,0
103610,1
10371,1
10372,1
10373,1
10374,1
10375,0
10376,0
10377,0
10378,1
10379,0
103710,1
10381,0
10382,0
10383,1
10384,1
10385,1
10386,0
10387,0
10388,0
10389,1
103810,1
10391,1
10392,0
10393,1
10394,0
10395,0
10396,1
10397,1
10398,0
10399,0
103910,1
103101,0
103102,1
103103,0
103104,1
103105,0
103106,0
103107,1
103108,0
103109,1
1031010,1
10411,1
10412,1
10413,0
10414,1
10415,1
10416,1
10417,1
10418,1
10419,1
104110,0
10421,0
10422,1
10423,1
10424,1
10425,1
10426,1
10427,0
10428,0
10429,0
104210,0
10431,0
10432,0
10433,1
10434,0
10435,1
10436,0
10437,0
10438,1
10439,0
104310,0
10441,1
10442,1
10443,0
10444,1
10445,0
10446,1
10447,0
10448,0
10449,1
104410,0
10451,0
10452,1
10453,1
10454,1
10455,0
10456,1
10457,0
10458,0
10459,1
104510,0
10461,0
10462,0
10463,0
10464,0
10465,1
10466,1
10467,1
10468,0
10469,1
104610,1
10471,0
10472,1
10473,0
10474,1
10475,0
10476,0
10477,0
10478,1
10479,0
104710,0
10481,0
10482,1
10483,0
10484,1
10485,1
10486,0
10487,0
10488,1
10489,1
104810,0
10491,1
10492,0
10493,0
10494,0
10495,0
10496,0
10497,0
10498,0
10499,0
104910,0
104101,0
104102,1
104103,0
104104,1
104105,0
104106,1
104107,1
104108,1
104109,1
1041010,1
10511,1
10512,1
10513,0
10514,1
10515,0
10516,1
10517,0
10518,0
10519,0
105110,1
10521,1
10522,1
10523,1
10524,0
10525,0
10526,1
10527,0
10528,0
10529,0
105210,0
10531,0
10532,1
10533,0
10534,1
10535,0
10536,0
10537,1
10538,1
10539,0
105310,1
10541,0
10542,0
10543,1
10544,0
10545,1
10546,0
10547,1
10548,0
10549,0
105410,1
10551,1
10552,1
10553,0
10554,1
10555,1
10556,0
10557,0
10558,1
10559,1
105510,0
10561,0
10562,0
10563,1
10564,1
10565,1
10566,0
10567,1
10568,0
10569,0
105610,1
10571,1
10572,0
10573,0
10574,1
10575,1
10576,0
10577,0
10578,1
10579,1
105710,0
10581,1
10582,1
10583,1
10584,0
10585,0
10586,0
10587,1
10588,1
10589,1
105810,0
10591,1
10592,0
10593,1
10594,0
10595,1
10596,1
10597,1
10598,0
10599,0
105910,1
105101,0
105102,0
105103,1
105104,1
105105,1
105106,1
105107,1
105108,0
105109,0
1051010,0
10611,1
10612,1
10613,0
10614,1
10615,0
10616,0
10617,1
10618,0
10619,1
106110,0
10621,0
10622,0
10623,0
10624,0
10625,1
10626,0
10627,0
10628,0
10629,0
106210,1
10631,0
10632,1
10633,1
10634,0
10635,0
10636,0
10637,1
10638,0
10639,1
106310,1
10641,0
10642,0
10643,0
10644,0
10645,1
10646,0
10647,0
10648,0
10649,0
106410,1
10651,1
10652,0
10653,0
10654,1
10655,0
10656,0
10657,0
10658,0
10659,1
106510,0
10661,1
10662,0
10663,0
10664,1
10665,1
10666,1
10667,0
10668,1
10669,1
106610,0
10671,0
10672,1
10673,1
10674,0
10675,1
10676,0
10677,1
10678,1
10679,0
106710,1
10681,1
10682,1
10683,0
10684,0
10685,1
10686,1
10687,1
10688,0
10689,1
106810,0
10691,0
10692,1
10693,0
10694,1
10695,0
10696,0
10697,1
10698,1
10699,1
106910,0
106101,0
106102,0
106103,0
106104,1
106105,0
106106,1
106107,1
106108,0
106109,0
1061010,1
10711,0
10712,1
10713,1
10714,1
10715,1
10716,0
10717,1
10718,0
10719,1
107110,1
10721,1
10722,1
10723,0
10724,1
10725,0
10726,1
10727,1
10728,0
10729,0
107210,0
10731,1
10732,1
10733,1
10734,0
10735,1
10736,0
10737,0
10738,1
10739,1
107310,0
10741,1
10742,1
10743,0
10744,0
10745,1
10746,0
10747,0
10748,1
10749,0
107410,1
10751,0
10752,0
10753,1
10754,0
10755,0
10756,0
10757,0
10758,0
10759,0
107510,1
10761,0
10762,1
10763,1
10764,1
10765,1
10766,0
10767,0
10768,1
10769,0
107610,0
10771,1
10772,1
10773,1
10774,0
10775,1
10776,0
10777,1
10778,1
10779,1
107710,0
10781,0
10782,0
10783,1
10784,0
10785,1
10786,1
10787,1
10788,1
10789,1
107810,1
10791,1
10792,0
10793,0
10794,1
10795,0
10796,1
10797,1
10798,0
10799,1
107910,0
107101,1
107102,1
107103,0
107104,0
107105,0
107106,1
107107,0
107108,1
107109,1
1071010,1
10811,1
10812,1
10813,1
10814,0
10815,1
10816,1
10817,0
10818,1
10819,0
108110,1
10821,1
10822,0
10823,1
10824,0
10825,0
10826,0
10827,1
10828,1
10829,1
108210,0
10831,1
10832,0
10833,1
10834,0
10835,0
10836,1
10837,1
10838,0
10839,0
108310,1
10841,0
10842,0
10843,1
10844,1
10845,0
10846,1
10847,1
10848,1
10849,1
108410,1
10851,0
10852,1
10853,0
10854,0
10855,0
10856,1
10857,1
10858,0
10859,1
108510,1
10861,1
10862,1
10863,0
10864,1
10865,0
10866,0
10867,0
10868,0
10869,0
108610,1
10871,0
10872,0
10873,0
10874,1
10875,0
10876,0
10877,0
10878,1
10879,0
108710,0
10881,0
10882,0
10883,1
10884,1
10885,1
10886,1
10887,1
10888,0
10889,1
108810,0
10891,0
10892,1
10893,1
10894,0
10895,1
10896,0
10897,0
10898,0
10899,1
108910,0
108101,0
108102,0
108103,1
108104,0
108105,1
108106,0
108107,1
108108,0
108109,0
1081010,0
10911,0
10912,1
10913,1
10914,1
10915,0
10916,0
10917,0
10918,1
10919,1
109110,1
10921,0
10922,1
10923,0
10924,1
10925,0
10926,0
10927,0
10928,1
10929,0
109210,0
10931,1
10932,0
10933,1
10934,1
10935,1
10936,0
10937,0
10938,0
10939,1
109310,0
10941,1
10942,1
10943,1
10944,0
10945,0
10946,0
10947,0
10948,0
10949,1
109410,1
10951,0
10952,0
10953,0
10954,0
10955,0
10956,0
10957,1
10958,0
10959,0
109510,1
10961,1
10962,0
10963,0
10964,1
10965,0
10966,0
10967,0
10968,0
10969,1
109610,0
10971,0
10972,1
10973,1
10974,0
10975,0
10976,1
10977,1
10978,1
10979,0
109710,1
10981,0
10982,1
10983,1
10984,1
10985,1
10986,1
10987,1
10988,1
10989,0
109810,1
10991,0
10992,1
10993,1
10994,1
10995,1
10996,0
10997,1
10998,0
10999,1
109910,0
109101,0
109102,0
109103,0
109104,1
109105,0
109106,1
109107,0
109108,1
109109,0
1091010,0
101011,1
101012,1
101013,0
101014,0
101015,1
101016,1
101017,1
101018,0
101019,1
1010110,1
101021,1
101022,1
101023,1
101024,0
101025,1
101026,1
101027,1
101028,1
101029,1
1010210,0
101031,0
101032,0
101033,0
101034,0
101035,0
101036,1
101037,1
101038,0
101039,0
1010310,0
101041,1
101042,1
101043,1
101044,0
101045,0
101046,1
101047,1
101048,0
101049,1
1010410,1
101051,0
101052,1
101053,0
101054,0
101055,0
101056,1
101057,0
101058,0
101059,1
1010510,1
101061,1
101062,0
101063,0
101064,1
101065,1
101066,1
101067,0
101068,1
101069,1
1010610,1
101071,0
101072,0
101073,0
101074,1
101075,1
101076,1
101077,0
101078,0
101079,1
1010710,0
101081,0
101082,1
101083,0
101084,0
101085,1
101086,1
101087,0
101088,1
101089,1
1010810,1
101091,0
101092,1
101093,1
101094,0
101095,1
101096,0
101097,1
101098,1
101099,0
1010910,0
1010101,1
1010102,0
1010103,1
1010104,1
1010105,1
1010106,0
1010107,0
1010108,1
1010109,0
10101010,0
